schedtime,carrier,dest,distance,flightnumber,origin,weather,dayweek,weekmonth,tailnu,delay
14,OH,JFK,184,5,BWI,0,4,0,A,ontime
16,DH,JFK,213,6,DCA,0,4,0,J,ontime
12,DH,LGA,229,7,IAD,0,4,0,R,ontime
17,DH,LGA,229,7,IAD,0,4,0,R,ontime
10,DH,LGA,229,7,IAD,0,4,0,R,ontime
8,DH,JFK,228,7,IAD,0,4,0,R,ontime
12,DH,JFK,228,7,IAD,0,4,0,E,ontime
16,DH,JFK,228,7,IAD,0,4,0,E,ontime
17,DH,JFK,228,7,IAD,0,4,0,E,ontime
21,DH,JFK,228,7,IAD,0,4,0,R,ontime
21,DH,LGA,229,7,IAD,0,4,0,R,ontime
14,DL,JFK,213,0,DCA,0,4,0,E,ontime
9,DL,LGA,214,1,DCA,0,4,0,L,ontime
12,DL,LGA,214,1,DCA,0,4,0,L,ontime
14,DL,LGA,214,1,DCA,0,4,0,L,ontime
17,DL,LGA,214,1,DCA,0,4,0,L,ontime
20,DL,LGA,214,1,DCA,0,4,0,L,ontime
15,MQ,JFK,213,4,DCA,0,4,0,Q,ontime
6,MQ,JFK,213,4,DCA,0,4,0,Q,ontime
18,MQ,JFK,213,4,DCA,0,4,0,Q,ontime
9,MQ,LGA,214,4,DCA,0,4,0,Q,ontime
13,MQ,LGA,214,4,DCA,0,4,0,Q,ontime
14,MQ,LGA,214,4,DCA,0,4,0,Q,ontime
15,MQ,LGA,214,4,DCA,0,4,0,Q,ontime
19,MQ,LGA,214,4,DCA,0,4,0,Q,ontime
8,UA,LGA,229,0,IAD,0,4,0,A,ontime
9,US,LGA,214,2,DCA,0,4,0,W,ontime
11,US,LGA,214,2,DCA,0,4,0,W,ontime
13,US,LGA,214,2,DCA,0,4,0,W,ontime
15,US,LGA,214,2,DCA,0,4,0,W,ontime
17,US,LGA,214,2,DCA,0,4,0,W,ontime
21,US,LGA,214,2,DCA,0,4,0,W,ontime
14,RU,EWR,169,2,BWI,0,4,0,6,ontime
17,RU,EWR,169,2,BWI,0,4,0,4,ontime
10,RU,EWR,169,2,BWI,0,4,0,9,ontime
7,RU,EWR,169,2,BWI,0,4,0,4,ontime
13,CO,EWR,199,0,DCA,0,4,0,1,ontime
17,CO,EWR,199,0,DCA,0,4,0,7,ontime
8,DH,EWR,213,7,IAD,0,4,0,R,ontime
17,DH,EWR,213,7,IAD,0,4,0,R,ontime
12,DH,EWR,213,7,IAD,0,4,0,R,ontime
21,DH,EWR,213,7,IAD,0,4,0,R,ontime
17,RU,EWR,213,2,IAD,0,4,0,0,ontime
19,RU,EWR,213,2,IAD,0,4,0,9,ontime
15,RU,EWR,199,2,DCA,0,4,0,4,ontime
19,RU,EWR,199,2,DCA,0,4,0,7,ontime
14,RU,EWR,199,2,DCA,0,4,0,3,ontime
15,RU,EWR,213,2,IAD,0,4,0,9,ontime
13,RU,EWR,213,2,IAD,0,4,0,9,ontime
16,RU,EWR,199,2,DCA,0,4,0,6,ontime
14,OH,JFK,184,5,BWI,0,5,0,A,ontime
16,DH,JFK,213,6,DCA,0,5,0,J,ontime
12,DH,LGA,229,7,IAD,0,5,0,R,ontime
14,DH,LGA,229,7,IAD,0,5,0,R,delayed
17,DH,LGA,229,7,IAD,0,5,0,R,ontime
6,DH,LGA,229,7,IAD,0,5,0,R,ontime
10,DH,LGA,229,7,IAD,0,5,0,R,delayed
8,DH,JFK,228,7,IAD,0,5,0,R,ontime
12,DH,JFK,228,7,IAD,0,5,0,E,ontime
14,DH,JFK,228,7,IAD,0,5,0,E,ontime
16,DH,JFK,228,7,IAD,0,5,0,E,ontime
17,DH,JFK,228,7,IAD,0,5,0,E,ontime
21,DH,JFK,228,7,IAD,0,5,0,R,delayed
16,DH,JFK,228,7,IAD,0,5,0,E,ontime
21,DH,LGA,229,7,IAD,0,5,0,R,ontime
14,DL,JFK,213,0,DCA,0,5,0,L,ontime
9,DL,LGA,214,1,DCA,0,5,0,L,ontime
12,DL,LGA,214,1,DCA,0,5,0,L,ontime
14,DL,LGA,214,1,DCA,0,5,0,L,ontime
17,DL,LGA,214,1,DCA,0,5,0,L,ontime
20,DL,LGA,214,1,DCA,0,5,0,L,ontime
15,MQ,JFK,213,4,DCA,0,5,0,Q,ontime
6,MQ,JFK,213,4,DCA,0,5,0,Q,ontime
18,MQ,JFK,213,4,DCA,0,5,0,Q,ontime
9,MQ,LGA,214,4,DCA,0,5,0,Q,ontime
11,MQ,LGA,214,4,DCA,0,5,0,Q,ontime
13,MQ,LGA,214,4,DCA,0,5,0,Q,ontime
14,MQ,LGA,214,4,DCA,0,5,0,Q,ontime
15,MQ,LGA,214,4,DCA,0,5,0,Q,ontime
8,UA,LGA,229,0,IAD,0,5,0,A,ontime
7,US,LGA,214,2,DCA,0,5,0,W,ontime
9,US,LGA,214,2,DCA,0,5,0,W,ontime
11,US,LGA,214,2,DCA,0,5,0,W,ontime
13,US,LGA,214,2,DCA,0,5,0,W,ontime
15,US,LGA,214,2,DCA,0,5,0,W,ontime
17,US,LGA,214,2,DCA,0,5,0,W,ontime
19,US,LGA,214,2,DCA,0,5,0,W,ontime
21,US,LGA,214,2,DCA,0,5,0,W,ontime
17,RU,EWR,169,2,BWI,0,5,0,6,ontime
10,RU,EWR,169,2,BWI,0,5,0,0,ontime
7,RU,EWR,169,2,BWI,0,5,0,1,ontime
14,RU,EWR,169,2,BWI,0,5,0,6,ontime
17,CO,EWR,199,0,DCA,0,5,0,2,ontime
13,CO,EWR,199,0,DCA,0,5,0,4,ontime
7,CO,EWR,199,0,DCA,0,5,0,1,ontime
8,DH,EWR,213,7,IAD,0,5,0,R,ontime
12,DH,EWR,213,7,IAD,0,5,0,R,delayed
14,DH,EWR,213,7,IAD,0,5,0,E,delayed
6,DH,EWR,213,7,IAD,0,5,0,E,ontime
16,RU,EWR,199,2,DCA,0,5,0,7,ontime
7,RU,EWR,213,2,IAD,0,5,0,0,ontime
9,RU,EWR,199,2,DCA,0,5,0,7,ontime
7,RU,EWR,199,2,DCA,0,5,0,7,ontime
17,RU,EWR,213,2,IAD,0,5,0,8,ontime
19,RU,EWR,213,2,IAD,0,5,0,7,ontime
13,RU,EWR,213,2,IAD,0,5,0,5,ontime
9,RU,EWR,213,3,IAD,0,5,0,1,ontime
19,RU,EWR,199,2,DCA,0,5,0,5,ontime
21,RU,EWR,199,2,DCA,0,5,0,8,ontime
14,RU,EWR,199,2,DCA,0,5,0,8,ontime
15,RU,EWR,213,2,IAD,0,5,0,7,delayed
15,RU,EWR,199,2,DCA,0,5,0,4,ontime
12,DH,LGA,229,7,IAD,0,6,0,R,ontime
17,DH,LGA,229,7,IAD,0,6,0,R,ontime
6,DH,LGA,229,7,IAD,0,6,0,R,ontime
10,DH,LGA,229,7,IAD,0,6,0,R,ontime
8,DH,JFK,228,7,IAD,0,6,0,R,ontime
12,DH,JFK,228,7,IAD,0,6,0,E,ontime
14,DH,JFK,228,7,IAD,0,6,0,E,ontime
16,DH,JFK,228,7,IAD,0,6,0,E,ontime
17,DH,JFK,228,7,IAD,0,6,0,E,ontime
21,DH,JFK,228,7,IAD,0,6,0,R,delayed
16,DH,JFK,228,7,IAD,0,6,0,E,ontime
21,DH,LGA,229,7,IAD,0,6,0,R,ontime
14,DL,JFK,213,0,DCA,0,6,0,L,delayed
8,DL,LGA,214,1,DCA,0,6,0,L,ontime
10,DL,LGA,214,1,DCA,0,6,0,L,ontime
12,DL,LGA,214,1,DCA,0,6,0,L,ontime
14,DL,LGA,214,1,DCA,0,6,0,L,ontime
16,DL,LGA,214,1,DCA,0,6,0,L,ontime
18,DL,LGA,214,1,DCA,0,6,0,L,ontime
20,DL,LGA,214,1,DCA,0,6,0,L,ontime
15,MQ,JFK,213,4,DCA,0,6,0,Q,delayed
6,MQ,JFK,213,4,DCA,0,6,0,Q,ontime
18,MQ,JFK,213,4,DCA,0,6,0,Q,ontime
9,MQ,LGA,214,4,DCA,0,6,0,Q,ontime
13,MQ,LGA,214,4,DCA,0,6,0,Q,ontime
8,UA,LGA,229,0,IAD,0,6,0,A,ontime
7,US,LGA,214,2,DCA,0,6,0,W,ontime
9,US,LGA,214,2,DCA,0,6,0,W,ontime
11,US,LGA,214,2,DCA,0,6,0,W,ontime
13,US,LGA,214,2,DCA,0,6,0,W,ontime
15,US,LGA,214,2,DCA,0,6,0,W,ontime
17,US,LGA,214,2,DCA,0,6,0,W,ontime
19,US,LGA,214,2,DCA,0,6,0,W,ontime
17,RU,EWR,169,2,BWI,0,6,0,4,ontime
7,RU,EWR,169,2,BWI,0,6,0,6,ontime
10,RU,EWR,169,2,BWI,0,6,0,7,ontime
14,RU,EWR,169,2,BWI,0,6,0,4,ontime
13,CO,EWR,199,0,DCA,0,6,0,2,ontime
8,DH,EWR,213,7,IAD,0,6,0,R,delayed
17,DH,EWR,213,7,IAD,0,6,0,R,ontime
12,DH,EWR,213,7,IAD,0,6,0,R,delayed
21,DH,EWR,213,7,IAD,0,6,0,R,ontime
6,DH,EWR,213,7,IAD,0,6,0,E,ontime
17,RU,EWR,213,2,IAD,0,6,0,6,ontime
14,RU,EWR,199,2,DCA,0,6,0,3,ontime
7,RU,EWR,213,2,IAD,0,6,0,5,ontime
9,RU,EWR,199,2,DCA,0,6,0,7,ontime
17,RU,EWR,199,2,DCA,0,6,0,8,ontime
16,RU,EWR,199,2,DCA,0,6,0,5,ontime
15,RU,EWR,213,2,IAD,0,6,0,6,ontime
7,RU,EWR,199,2,DCA,0,6,0,7,ontime
14,OH,JFK,184,5,BWI,0,7,0,A,delayed
16,DH,JFK,213,6,DCA,0,7,0,J,ontime
12,DH,LGA,229,7,IAD,0,7,0,R,ontime
14,DH,LGA,229,7,IAD,0,7,0,R,delayed
17,DH,LGA,229,7,IAD,0,7,0,R,delayed
6,DH,LGA,229,7,IAD,0,7,0,R,ontime
10,DH,LGA,229,7,IAD,0,7,0,R,ontime
8,DH,JFK,228,7,IAD,0,7,0,R,ontime
12,DH,JFK,228,7,IAD,0,7,0,E,ontime
14,DH,JFK,228,7,IAD,0,7,0,E,ontime
16,DH,JFK,228,7,IAD,0,7,0,E,ontime
17,DH,JFK,228,7,IAD,0,7,0,E,ontime
21,DH,JFK,228,7,IAD,0,7,0,R,ontime
16,DH,JFK,228,7,IAD,0,7,0,E,ontime
21,DH,LGA,229,7,IAD,0,7,0,R,ontime
14,DL,JFK,213,0,DCA,0,7,0,L,ontime
8,DL,LGA,214,1,DCA,0,7,0,L,ontime
10,DL,LGA,214,1,DCA,0,7,0,L,ontime
12,DL,LGA,214,1,DCA,0,7,0,L,ontime
14,DL,LGA,214,1,DCA,0,7,0,L,ontime
16,DL,LGA,214,1,DCA,0,7,0,L,ontime
18,DL,LGA,214,1,DCA,0,7,0,L,ontime
20,DL,LGA,214,1,DCA,0,7,0,L,ontime
15,MQ,JFK,213,4,DCA,0,7,0,Q,delayed
6,MQ,JFK,213,4,DCA,0,7,0,Q,ontime
7,MQ,JFK,213,4,DCA,0,7,0,Q,ontime
18,MQ,JFK,213,4,DCA,0,7,0,Q,delayed
13,MQ,LGA,214,4,DCA,0,7,0,Q,ontime
15,MQ,LGA,214,4,DCA,0,7,0,Q,delayed
17,MQ,LGA,214,4,DCA,0,7,0,Q,ontime
19,MQ,LGA,214,4,DCA,0,7,0,Q,delayed
8,UA,LGA,229,0,IAD,0,7,0,A,ontime
9,US,LGA,214,2,DCA,0,7,0,W,ontime
10,US,LGA,214,2,DCA,0,7,0,W,ontime
11,US,LGA,214,2,DCA,0,7,0,W,ontime
12,US,LGA,214,2,DCA,0,7,0,W,ontime
13,US,LGA,214,2,DCA,0,7,0,W,ontime
14,US,LGA,214,2,DCA,0,7,0,W,ontime
15,US,LGA,214,2,DCA,0,7,0,W,ontime
16,US,LGA,214,2,DCA,0,7,0,W,ontime
17,US,LGA,214,2,DCA,0,7,0,W,ontime
18,US,LGA,214,2,DCA,0,7,0,W,ontime
19,US,LGA,214,2,DCA,0,7,0,W,ontime
20,US,LGA,214,2,DCA,0,7,0,W,ontime
21,US,LGA,214,2,DCA,0,7,0,W,ontime
14,RU,EWR,169,2,BWI,0,7,0,3,delayed
13,RU,EWR,169,2,BWI,0,7,0,9,delayed
16,RU,EWR,169,2,BWI,0,7,0,3,delayed
10,RU,EWR,169,2,BWI,0,7,0,6,delayed
13,CO,EWR,199,0,DCA,0,7,0,0,ontime
16,CO,EWR,199,0,DCA,0,7,0,9,delayed
8,DH,EWR,213,7,IAD,0,7,0,R,ontime
17,DH,EWR,213,7,IAD,0,7,0,R,delayed
12,DH,EWR,213,7,IAD,0,7,0,R,delayed
21,DH,EWR,213,7,IAD,0,7,0,R,delayed
14,DH,EWR,213,7,IAD,0,7,0,E,delayed
17,RU,EWR,199,2,DCA,0,7,0,6,delayed
9,RU,EWR,199,2,DCA,0,7,0,2,ontime
9,RU,EWR,213,3,IAD,0,7,0,5,ontime
19,RU,EWR,213,2,IAD,0,7,0,8,delayed
14,RU,EWR,199,2,DCA,0,7,0,7,delayed
19,RU,EWR,199,2,DCA,0,7,0,9,delayed
15,RU,EWR,213,2,IAD,0,7,0,1,delayed
14,OH,JFK,184,5,BWI,0,1,0,A,delayed
16,DH,JFK,213,6,DCA,0,1,0,J,delayed
12,DH,LGA,229,7,IAD,0,1,0,R,delayed
14,DH,LGA,229,7,IAD,0,1,0,R,delayed
17,DH,LGA,229,7,IAD,0,1,0,R,delayed
6,DH,LGA,229,7,IAD,0,1,0,R,delayed
10,DH,LGA,229,7,IAD,0,1,0,R,ontime
8,DH,JFK,228,7,IAD,0,1,0,R,delayed
12,DH,JFK,228,7,IAD,0,1,0,E,delayed
16,DH,JFK,228,7,IAD,0,1,0,E,ontime
17,DH,JFK,228,7,IAD,0,1,0,E,ontime
21,DH,JFK,228,7,IAD,0,1,0,R,delayed
16,DH,JFK,228,7,IAD,0,1,0,E,delayed
21,DH,LGA,229,7,IAD,0,1,0,R,ontime
14,DL,JFK,213,0,DCA,0,1,0,L,ontime
6,DL,LGA,214,1,DCA,0,1,0,L,ontime
7,DL,LGA,214,1,DCA,0,1,0,L,ontime
8,DL,LGA,214,1,DCA,0,1,0,L,ontime
9,DL,LGA,214,1,DCA,0,1,0,L,ontime
10,DL,LGA,214,1,DCA,0,1,0,Z,ontime
11,DL,LGA,214,1,DCA,0,1,0,L,ontime
12,DL,LGA,214,1,DCA,0,1,0,L,ontime
13,DL,LGA,214,1,DCA,0,1,0,L,ontime
14,DL,LGA,214,1,DCA,0,1,0,Z,ontime
16,DL,LGA,214,1,DCA,0,1,0,L,ontime
17,DL,LGA,214,1,DCA,0,1,0,L,ontime
18,DL,LGA,214,1,DCA,0,1,0,Z,ontime
19,DL,LGA,214,1,DCA,0,1,0,L,delayed
20,DL,LGA,214,1,DCA,0,1,0,L,ontime
15,MQ,JFK,213,4,DCA,0,1,0,Q,ontime
6,MQ,JFK,213,4,DCA,0,1,0,Q,ontime
7,MQ,LGA,214,4,DCA,0,1,0,Q,ontime
8,MQ,LGA,214,4,DCA,0,1,0,Q,ontime
9,MQ,LGA,214,4,DCA,0,1,0,Q,ontime
11,MQ,LGA,214,4,DCA,0,1,0,Q,ontime
13,MQ,LGA,214,4,DCA,0,1,0,Q,ontime
16,MQ,LGA,214,4,DCA,0,1,0,Q,delayed
17,MQ,LGA,214,4,DCA,0,1,0,Q,ontime
19,MQ,LGA,214,4,DCA,0,1,0,Q,delayed
8,UA,LGA,229,0,IAD,0,1,0,A,ontime
6,US,LGA,214,1,DCA,0,1,0,W,delayed
7,US,LGA,214,2,DCA,0,1,0,W,ontime
8,US,LGA,214,2,DCA,0,1,0,W,ontime
9,US,LGA,214,2,DCA,0,1,0,W,ontime
10,US,LGA,214,2,DCA,0,1,0,W,ontime
11,US,LGA,214,2,DCA,0,1,0,W,ontime
12,US,LGA,214,2,DCA,0,1,0,W,ontime
13,US,LGA,214,2,DCA,0,1,0,W,ontime
14,US,LGA,214,2,DCA,0,1,0,W,ontime
15,US,LGA,214,2,DCA,0,1,0,W,ontime
16,US,LGA,214,2,DCA,0,1,0,W,ontime
17,US,LGA,214,2,DCA,0,1,0,W,ontime
18,US,LGA,214,2,DCA,0,1,0,W,ontime
19,US,LGA,214,2,DCA,0,1,0,W,ontime
20,US,LGA,214,2,DCA,0,1,0,W,ontime
21,US,LGA,214,2,DCA,0,1,0,W,ontime
7,RU,EWR,169,2,BWI,0,1,0,3,delayed
14,RU,EWR,169,2,BWI,0,1,0,6,delayed
10,RU,EWR,169,2,BWI,0,1,0,1,delayed
13,CO,EWR,199,0,DCA,0,1,0,8,delayed
7,CO,EWR,199,0,DCA,0,1,0,4,ontime
17,CO,EWR,199,0,DCA,0,1,0,1,delayed
8,DH,EWR,213,7,IAD,0,1,0,R,ontime
17,DH,EWR,213,7,IAD,0,1,0,R,delayed
12,DH,EWR,213,7,IAD,0,1,0,R,delayed
21,DH,EWR,213,7,IAD,0,1,0,R,delayed
14,DH,EWR,213,7,IAD,0,1,0,E,delayed
6,DH,EWR,213,7,IAD,0,1,0,E,ontime
7,RU,EWR,199,2,DCA,0,1,0,6,ontime
9,RU,EWR,199,2,DCA,0,1,0,2,delayed
13,RU,EWR,213,2,IAD,0,1,0,1,delayed
21,RU,EWR,199,2,DCA,0,1,0,6,ontime
7,RU,EWR,213,2,IAD,0,1,0,0,ontime
14,RU,EWR,199,2,DCA,0,1,0,9,delayed
19,RU,EWR,199,2,DCA,0,1,0,0,delayed
15,RU,EWR,213,2,IAD,0,1,0,2,delayed
9,RU,EWR,213,3,IAD,0,1,0,1,ontime
15,RU,EWR,199,2,DCA,0,1,0,8,delayed
14,OH,JFK,184,5,BWI,0,2,0,A,ontime
12,DH,LGA,229,7,IAD,0,2,0,E,ontime
14,DH,LGA,229,7,IAD,0,2,0,R,ontime
17,DH,LGA,229,7,IAD,0,2,0,R,ontime
6,DH,LGA,229,7,IAD,0,2,0,R,ontime
10,DH,LGA,229,7,IAD,0,2,0,R,ontime
8,DH,JFK,228,7,IAD,0,2,0,R,ontime
12,DH,JFK,228,7,IAD,0,2,0,E,ontime
14,DH,JFK,228,7,IAD,0,2,0,E,ontime
16,DH,JFK,228,7,IAD,0,2,0,E,ontime
17,DH,JFK,228,7,IAD,0,2,0,E,delayed
21,DH,JFK,228,7,IAD,0,2,0,R,delayed
16,DH,JFK,228,7,IAD,0,2,0,E,ontime
21,DH,LGA,229,7,IAD,0,2,0,R,ontime
14,DL,JFK,213,0,DCA,0,2,0,L,ontime
6,DL,LGA,214,1,DCA,0,2,0,Z,ontime
7,DL,LGA,214,1,DCA,0,2,0,L,ontime
8,DL,LGA,214,1,DCA,0,2,0,L,ontime
9,DL,LGA,214,1,DCA,0,2,0,L,ontime
10,DL,LGA,214,1,DCA,0,2,0,Z,ontime
11,DL,LGA,214,1,DCA,0,2,0,L,ontime
12,DL,LGA,214,1,DCA,0,2,0,L,ontime
13,DL,LGA,214,1,DCA,0,2,0,L,ontime
14,DL,LGA,214,1,DCA,0,2,0,Z,ontime
15,DL,LGA,214,1,DCA,0,2,0,L,ontime
16,DL,LGA,214,1,DCA,0,2,0,L,ontime
17,DL,LGA,214,1,DCA,0,2,0,L,ontime
18,DL,LGA,214,1,DCA,0,2,0,Z,ontime
19,DL,LGA,214,1,DCA,0,2,0,L,ontime
20,DL,LGA,214,1,DCA,0,2,0,L,ontime
15,MQ,JFK,213,4,DCA,0,2,0,Q,ontime
6,MQ,JFK,213,4,DCA,0,2,0,Q,ontime
18,MQ,JFK,213,4,DCA,0,2,0,Q,ontime
7,MQ,LGA,214,4,DCA,0,2,0,Q,ontime
8,MQ,LGA,214,4,DCA,0,2,0,Q,ontime
9,MQ,LGA,214,4,DCA,0,2,0,Q,ontime
11,MQ,LGA,214,4,DCA,0,2,0,Q,ontime
13,MQ,LGA,214,4,DCA,0,2,0,Q,ontime
14,MQ,LGA,214,4,DCA,0,2,0,Q,ontime
15,MQ,LGA,214,4,DCA,0,2,0,Q,delayed
16,MQ,LGA,214,4,DCA,0,2,0,Q,ontime
17,MQ,LGA,214,4,DCA,0,2,0,Q,ontime
19,MQ,LGA,214,4,DCA,0,2,0,Q,ontime
8,UA,LGA,229,0,IAD,0,2,0,A,ontime
6,US,LGA,214,1,DCA,0,2,0,W,ontime
7,US,LGA,214,2,DCA,0,2,0,W,ontime
8,US,LGA,214,2,DCA,0,2,0,W,ontime
9,US,LGA,214,2,DCA,0,2,0,W,ontime
10,US,LGA,214,2,DCA,0,2,0,W,ontime
11,US,LGA,214,2,DCA,0,2,0,W,ontime
12,US,LGA,214,2,DCA,0,2,0,W,ontime
13,US,LGA,214,2,DCA,0,2,0,W,ontime
14,US,LGA,214,2,DCA,0,2,0,W,ontime
15,US,LGA,214,2,DCA,0,2,0,W,ontime
16,US,LGA,214,2,DCA,0,2,0,W,ontime
17,US,LGA,214,2,DCA,0,2,0,W,ontime
18,US,LGA,214,2,DCA,0,2,0,W,ontime
19,US,LGA,214,2,DCA,0,2,0,W,ontime
20,US,LGA,214,2,DCA,0,2,0,W,ontime
21,US,LGA,214,2,DCA,0,2,0,W,ontime
14,RU,EWR,169,2,BWI,0,2,0,7,ontime
17,RU,EWR,169,3,BWI,0,2,0,2,delayed
7,RU,EWR,169,2,BWI,0,2,0,8,ontime
10,RU,EWR,169,2,BWI,0,2,0,4,ontime
17,CO,EWR,199,0,DCA,0,2,0,4,delayed
13,CO,EWR,199,0,DCA,0,2,0,7,ontime
19,CO,EWR,199,0,DCA,0,2,0,0,delayed
7,CO,EWR,199,0,DCA,0,2,0,8,ontime
8,DH,EWR,213,7,IAD,0,2,0,E,ontime
17,DH,EWR,213,7,IAD,0,2,0,R,ontime
12,DH,EWR,213,7,IAD,0,2,0,R,ontime
21,DH,EWR,213,7,IAD,0,2,0,R,ontime
14,DH,EWR,213,7,IAD,0,2,0,E,ontime
6,DH,EWR,213,7,IAD,0,2,0,E,ontime
21,RU,EWR,199,2,DCA,0,2,0,3,delayed
9,RU,EWR,199,2,DCA,0,2,0,7,ontime
19,RU,EWR,213,2,IAD,0,2,0,7,delayed
15,RU,EWR,213,2,IAD,0,2,0,7,ontime
7,RU,EWR,213,2,IAD,0,2,0,5,ontime
15,RU,EWR,199,2,DCA,0,2,0,8,delayed
13,RU,EWR,213,2,IAD,0,2,0,1,ontime
13,RU,EWR,199,2,DCA,0,2,0,4,ontime
17,RU,EWR,213,2,IAD,0,2,0,6,ontime
16,RU,EWR,199,2,DCA,0,2,0,9,ontime
6,RU,EWR,199,2,DCA,0,2,0,8,ontime
14,OH,JFK,184,5,BWI,0,3,1,A,ontime
16,DH,JFK,213,6,DCA,0,3,1,J,ontime
12,DH,LGA,229,7,IAD,0,3,1,R,ontime
14,DH,LGA,229,7,IAD,0,3,1,R,ontime
17,DH,LGA,229,7,IAD,0,3,1,R,delayed
6,DH,LGA,229,7,IAD,0,3,1,R,ontime
10,DH,LGA,229,7,IAD,0,3,1,E,ontime
8,DH,JFK,228,7,IAD,0,3,1,R,ontime
12,DH,JFK,228,7,IAD,0,3,1,E,ontime
14,DH,JFK,228,7,IAD,0,3,1,E,ontime
16,DH,JFK,228,7,IAD,0,3,1,E,ontime
17,DH,JFK,228,7,IAD,0,3,1,E,delayed
21,DH,JFK,228,7,IAD,0,3,1,R,ontime
16,DH,JFK,228,7,IAD,0,3,1,E,ontime
14,DL,JFK,213,0,DCA,0,3,1,E,ontime
6,DL,LGA,214,1,DCA,0,3,1,Z,ontime
8,DL,LGA,214,1,DCA,0,3,1,L,ontime
9,DL,LGA,214,1,DCA,0,3,1,L,ontime
10,DL,LGA,214,1,DCA,0,3,1,Z,ontime
11,DL,LGA,214,1,DCA,0,3,1,A,ontime
12,DL,LGA,214,1,DCA,0,3,1,L,ontime
13,DL,LGA,214,1,DCA,0,3,1,L,ontime
14,DL,LGA,214,1,DCA,0,3,1,Z,ontime
15,DL,LGA,214,1,DCA,0,3,1,A,ontime
16,DL,LGA,214,1,DCA,0,3,1,L,ontime
17,DL,LGA,214,1,DCA,0,3,1,L,ontime
18,DL,LGA,214,1,DCA,0,3,1,Z,ontime
19,DL,LGA,214,1,DCA,0,3,1,A,ontime
20,DL,LGA,214,1,DCA,0,3,1,L,ontime
15,MQ,JFK,213,4,DCA,0,3,1,Q,ontime
6,MQ,JFK,213,4,DCA,0,3,1,Q,ontime
18,MQ,JFK,213,4,DCA,0,3,1,Q,delayed
7,MQ,LGA,214,4,DCA,0,3,1,Q,ontime
8,MQ,LGA,214,4,DCA,0,3,1,Q,ontime
9,MQ,LGA,214,4,DCA,0,3,1,Q,ontime
11,MQ,LGA,214,4,DCA,0,3,1,Q,ontime
13,MQ,LGA,214,4,DCA,0,3,1,Q,ontime
14,MQ,LGA,214,4,DCA,0,3,1,Q,ontime
15,MQ,LGA,214,4,DCA,0,3,1,Q,delayed
16,MQ,LGA,214,4,DCA,0,3,1,Q,delayed
19,MQ,LGA,214,4,DCA,0,3,1,Q,delayed
8,UA,LGA,229,0,IAD,0,3,1,A,ontime
6,US,LGA,214,1,DCA,0,3,1,W,ontime
7,US,LGA,214,2,DCA,0,3,1,W,ontime
8,US,LGA,214,2,DCA,0,3,1,W,ontime
9,US,LGA,214,2,DCA,0,3,1,W,ontime
10,US,LGA,214,2,DCA,0,3,1,W,ontime
11,US,LGA,214,2,DCA,0,3,1,W,ontime
12,US,LGA,214,2,DCA,0,3,1,W,ontime
13,US,LGA,214,2,DCA,0,3,1,W,ontime
14,US,LGA,214,2,DCA,0,3,1,W,ontime
15,US,LGA,214,2,DCA,0,3,1,W,delayed
16,US,LGA,214,2,DCA,0,3,1,W,delayed
17,US,LGA,214,2,DCA,0,3,1,W,ontime
18,US,LGA,214,2,DCA,0,3,1,W,ontime
19,US,LGA,214,2,DCA,0,3,1,W,ontime
20,US,LGA,214,2,DCA,0,3,1,W,delayed
21,US,LGA,214,2,DCA,0,3,1,W,ontime
7,RU,EWR,169,2,BWI,0,3,1,4,ontime
14,RU,EWR,169,2,BWI,0,3,1,7,ontime
17,RU,EWR,169,3,BWI,0,3,1,5,delayed
10,RU,EWR,169,2,BWI,0,3,1,7,delayed
13,CO,EWR,199,0,DCA,0,3,1,4,ontime
19,CO,EWR,199,0,DCA,0,3,1,2,delayed
17,CO,EWR,199,0,DCA,0,3,1,5,delayed
7,CO,EWR,199,0,DCA,0,3,1,2,ontime
8,DH,EWR,213,7,IAD,0,3,1,R,ontime
17,DH,EWR,213,7,IAD,0,3,1,R,ontime
12,DH,EWR,213,7,IAD,0,3,1,R,delayed
21,DH,EWR,213,7,IAD,0,3,1,R,ontime
6,DH,EWR,213,7,IAD,0,3,1,E,ontime
14,DH,EWR,213,7,IAD,0,3,1,E,ontime
13,RU,EWR,199,2,DCA,0,3,1,7,ontime
7,RU,EWR,213,2,IAD,0,3,1,3,delayed
15,RU,EWR,213,2,IAD,0,3,1,0,delayed
9,RU,EWR,199,2,DCA,0,3,1,6,ontime
13,RU,EWR,213,2,IAD,0,3,1,8,ontime
17,RU,EWR,213,2,IAD,0,3,1,5,ontime
19,RU,EWR,213,2,IAD,0,3,1,7,delayed
6,RU,EWR,199,2,DCA,0,3,1,7,ontime
21,RU,EWR,199,2,DCA,0,3,1,3,ontime
15,RU,EWR,199,2,DCA,0,3,1,0,ontime
16,RU,EWR,199,2,DCA,0,3,1,8,ontime
14,OH,JFK,184,5,BWI,0,4,1,A,ontime
16,DH,JFK,213,6,DCA,0,4,1,J,delayed
12,DH,LGA,229,7,IAD,0,4,1,R,ontime
14,DH,LGA,229,7,IAD,0,4,1,R,delayed
17,DH,LGA,229,7,IAD,0,4,1,R,delayed
21,DH,LGA,229,7,IAD,0,4,1,R,delayed
6,DH,LGA,229,7,IAD,0,4,1,R,ontime
10,DH,LGA,229,7,IAD,0,4,1,R,ontime
8,DH,JFK,228,7,IAD,0,4,1,R,ontime
12,DH,JFK,228,7,IAD,0,4,1,E,ontime
14,DH,JFK,228,7,IAD,0,4,1,E,ontime
16,DH,JFK,228,7,IAD,0,4,1,E,ontime
17,DH,JFK,228,7,IAD,0,4,1,E,ontime
21,DH,JFK,228,7,IAD,0,4,1,R,ontime
16,DH,JFK,228,7,IAD,0,4,1,E,ontime
14,DL,JFK,213,0,DCA,0,4,1,L,delayed
6,DL,LGA,214,1,DCA,0,4,1,Z,ontime
7,DL,LGA,214,1,DCA,0,4,1,L,ontime
8,DL,LGA,214,1,DCA,0,4,1,L,ontime
9,DL,LGA,214,1,DCA,0,4,1,A,ontime
10,DL,LGA,214,1,DCA,0,4,1,Z,ontime
11,DL,LGA,214,1,DCA,0,4,1,L,ontime
12,DL,LGA,214,1,DCA,0,4,1,L,ontime
13,DL,LGA,214,1,DCA,0,4,1,A,ontime
14,DL,LGA,214,1,DCA,0,4,1,L,ontime
15,DL,LGA,214,1,DCA,0,4,1,L,ontime
16,DL,LGA,214,1,DCA,0,4,1,L,ontime
17,DL,LGA,214,1,DCA,0,4,1,A,ontime
18,DL,LGA,214,1,DCA,0,4,1,L,ontime
19,DL,LGA,214,1,DCA,0,4,1,L,ontime
20,DL,LGA,214,1,DCA,0,4,1,L,ontime
15,MQ,JFK,213,4,DCA,0,4,1,Q,ontime
6,MQ,JFK,213,4,DCA,0,4,1,Q,ontime
18,MQ,JFK,213,4,DCA,0,4,1,Q,ontime
7,MQ,LGA,214,4,DCA,0,4,1,Q,ontime
8,MQ,LGA,214,4,DCA,0,4,1,Q,ontime
9,MQ,LGA,214,4,DCA,0,4,1,Q,ontime
11,MQ,LGA,214,4,DCA,0,4,1,Q,ontime
13,MQ,LGA,214,4,DCA,0,4,1,Q,ontime
14,MQ,LGA,214,4,DCA,0,4,1,Q,ontime
15,MQ,LGA,214,4,DCA,0,4,1,Q,ontime
16,MQ,LGA,214,4,DCA,0,4,1,Q,ontime
19,MQ,LGA,214,4,DCA,0,4,1,Q,ontime
8,UA,LGA,229,0,IAD,0,4,1,A,ontime
6,US,LGA,214,1,DCA,0,4,1,W,ontime
7,US,LGA,214,2,DCA,0,4,1,W,ontime
8,US,LGA,214,2,DCA,0,4,1,W,ontime
9,US,LGA,214,2,DCA,0,4,1,W,ontime
10,US,LGA,214,2,DCA,0,4,1,W,ontime
11,US,LGA,214,2,DCA,0,4,1,W,ontime
12,US,LGA,214,2,DCA,0,4,1,W,ontime
13,US,LGA,214,2,DCA,0,4,1,W,ontime
14,US,LGA,214,2,DCA,0,4,1,W,ontime
15,US,LGA,214,2,DCA,0,4,1,W,ontime
16,US,LGA,214,2,DCA,0,4,1,W,ontime
17,US,LGA,214,2,DCA,0,4,1,W,delayed
18,US,LGA,214,2,DCA,0,4,1,W,ontime
19,US,LGA,214,2,DCA,0,4,1,W,delayed
20,US,LGA,214,2,DCA,0,4,1,W,delayed
21,US,LGA,214,2,DCA,0,4,1,W,ontime
17,RU,EWR,169,3,BWI,0,4,1,8,ontime
14,RU,EWR,169,2,BWI,0,4,1,5,ontime
10,RU,EWR,169,2,BWI,0,4,1,3,ontime
7,RU,EWR,169,2,BWI,0,4,1,3,ontime
17,CO,EWR,199,0,DCA,0,4,1,7,ontime
7,CO,EWR,199,0,DCA,0,4,1,2,ontime
13,CO,EWR,199,0,DCA,0,4,1,8,ontime
19,CO,EWR,199,0,DCA,0,4,1,5,ontime
8,DH,EWR,213,7,IAD,0,4,1,R,ontime
17,DH,EWR,213,7,IAD,0,4,1,R,ontime
12,DH,EWR,213,7,IAD,0,4,1,R,ontime
21,DH,EWR,213,7,IAD,0,4,1,R,ontime
6,DH,EWR,213,7,IAD,0,4,1,E,ontime
14,DH,EWR,213,7,IAD,0,4,1,E,ontime
15,RU,EWR,213,2,IAD,0,4,1,2,ontime
19,RU,EWR,213,2,IAD,0,4,1,3,ontime
13,RU,EWR,213,2,IAD,0,4,1,4,ontime
16,RU,EWR,199,2,DCA,0,4,1,5,ontime
6,RU,EWR,199,2,DCA,0,4,1,5,delayed
13,RU,EWR,199,2,DCA,0,4,1,6,ontime
7,RU,EWR,213,2,IAD,0,4,1,2,ontime
17,RU,EWR,213,2,IAD,0,4,1,4,ontime
9,RU,EWR,199,2,DCA,0,4,1,5,ontime
21,RU,EWR,199,2,DCA,0,4,1,4,ontime
15,RU,EWR,199,2,DCA,0,4,1,3,ontime
14,OH,JFK,184,5,BWI,0,5,1,A,ontime
16,DH,JFK,213,6,DCA,0,5,1,J,ontime
12,DH,LGA,229,7,IAD,0,5,1,R,ontime
14,DH,LGA,229,7,IAD,0,5,1,R,delayed
17,DH,LGA,229,7,IAD,0,5,1,R,delayed
21,DH,LGA,229,7,IAD,0,5,1,R,ontime
6,DH,LGA,229,7,IAD,0,5,1,R,delayed
10,DH,LGA,229,7,IAD,0,5,1,R,ontime
8,DH,JFK,228,7,IAD,0,5,1,R,delayed
12,DH,JFK,228,7,IAD,0,5,1,E,ontime
14,DH,JFK,228,7,IAD,0,5,1,E,ontime
16,DH,JFK,228,7,IAD,0,5,1,E,ontime
17,DH,JFK,228,7,IAD,0,5,1,E,ontime
21,DH,JFK,228,7,IAD,0,5,1,R,ontime
16,DH,JFK,228,7,IAD,0,5,1,E,ontime
14,DL,JFK,213,0,DCA,0,5,1,L,ontime
6,DL,LGA,214,1,DCA,0,5,1,L,ontime
7,DL,LGA,214,1,DCA,0,5,1,A,delayed
8,DL,LGA,214,1,DCA,0,5,1,L,ontime
9,DL,LGA,214,1,DCA,0,5,1,L,ontime
10,DL,LGA,214,1,DCA,0,5,1,L,ontime
11,DL,LGA,214,1,DCA,0,5,1,A,ontime
12,DL,LGA,214,1,DCA,0,5,1,Z,ontime
13,DL,LGA,214,1,DCA,0,5,1,L,ontime
14,DL,LGA,214,1,DCA,0,5,1,L,ontime
15,DL,LGA,214,1,DCA,0,5,1,L,ontime
16,DL,LGA,214,1,DCA,0,5,1,Z,ontime
17,DL,LGA,214,1,DCA,0,5,1,L,ontime
18,DL,LGA,214,1,DCA,0,5,1,L,ontime
19,DL,LGA,214,1,DCA,0,5,1,L,ontime
20,DL,LGA,214,1,DCA,0,5,1,Z,ontime
15,MQ,JFK,213,4,DCA,0,5,1,Q,ontime
6,MQ,JFK,213,4,DCA,0,5,1,Q,ontime
18,MQ,JFK,213,4,DCA,0,5,1,Q,delayed
8,MQ,LGA,214,4,DCA,0,5,1,Q,delayed
9,MQ,LGA,214,4,DCA,0,5,1,Q,ontime
11,MQ,LGA,214,4,DCA,0,5,1,Q,delayed
13,MQ,LGA,214,4,DCA,0,5,1,Q,ontime
14,MQ,LGA,214,4,DCA,0,5,1,Q,ontime
15,MQ,LGA,214,4,DCA,0,5,1,Q,ontime
16,MQ,LGA,214,4,DCA,0,5,1,Q,delayed
17,MQ,LGA,214,4,DCA,0,5,1,Q,ontime
19,MQ,LGA,214,4,DCA,0,5,1,Q,delayed
8,UA,LGA,229,0,IAD,0,5,1,A,delayed
6,US,LGA,214,1,DCA,0,5,1,W,ontime
7,US,LGA,214,2,DCA,0,5,1,W,ontime
8,US,LGA,214,2,DCA,0,5,1,W,ontime
10,US,LGA,214,2,DCA,0,5,1,W,ontime
11,US,LGA,214,2,DCA,0,5,1,W,ontime
12,US,LGA,214,2,DCA,0,5,1,W,ontime
13,US,LGA,214,2,DCA,0,5,1,W,ontime
14,US,LGA,214,2,DCA,0,5,1,W,ontime
15,US,LGA,214,2,DCA,0,5,1,W,ontime
16,US,LGA,214,2,DCA,0,5,1,W,ontime
17,US,LGA,214,2,DCA,0,5,1,W,ontime
18,US,LGA,214,2,DCA,0,5,1,W,ontime
19,US,LGA,214,2,DCA,0,5,1,W,ontime
20,US,LGA,214,2,DCA,0,5,1,W,ontime
21,US,LGA,214,2,DCA,0,5,1,W,ontime
17,RU,EWR,169,3,BWI,0,5,1,3,ontime
14,RU,EWR,169,2,BWI,0,5,1,6,ontime
10,RU,EWR,169,2,BWI,0,5,1,9,delayed
7,RU,EWR,169,2,BWI,0,5,1,2,ontime
17,CO,EWR,199,0,DCA,0,5,1,3,ontime
19,CO,EWR,199,0,DCA,0,5,1,5,ontime
13,CO,EWR,199,0,DCA,0,5,1,4,ontime
7,CO,EWR,199,0,DCA,0,5,1,1,ontime
8,DH,EWR,213,7,IAD,0,5,1,R,ontime
17,DH,EWR,213,7,IAD,0,5,1,R,ontime
12,DH,EWR,213,7,IAD,0,5,1,R,ontime
21,DH,EWR,213,7,IAD,0,5,1,R,ontime
6,DH,EWR,213,7,IAD,0,5,1,E,ontime
14,DH,EWR,213,7,IAD,0,5,1,E,ontime
16,RU,EWR,199,2,DCA,0,5,1,6,ontime
15,RU,EWR,199,2,DCA,0,5,1,5,ontime
13,RU,EWR,199,2,DCA,0,5,1,9,ontime
7,RU,EWR,213,2,IAD,0,5,1,0,delayed
13,RU,EWR,213,2,IAD,0,5,1,5,ontime
19,RU,EWR,213,2,IAD,0,5,1,2,ontime
15,RU,EWR,213,2,IAD,0,5,1,1,ontime
9,RU,EWR,199,2,DCA,0,5,1,5,ontime
21,RU,EWR,199,2,DCA,0,5,1,7,ontime
17,RU,EWR,213,2,IAD,0,5,1,0,ontime
6,RU,EWR,199,2,DCA,0,5,1,5,ontime
14,OH,JFK,184,5,BWI,0,6,1,A,ontime
16,DH,JFK,213,6,DCA,0,6,1,J,delayed
12,DH,LGA,229,7,IAD,0,6,1,R,ontime
17,DH,LGA,229,7,IAD,0,6,1,R,ontime
21,DH,LGA,229,7,IAD,0,6,1,R,ontime
8,DH,JFK,228,7,IAD,0,6,1,R,delayed
12,DH,JFK,228,7,IAD,0,6,1,E,delayed
16,DH,JFK,228,7,IAD,0,6,1,E,ontime
17,DH,JFK,228,7,IAD,0,6,1,E,ontime
21,DH,JFK,228,7,IAD,0,6,1,R,ontime
18,DH,JFK,228,7,IAD,0,6,1,E,ontime
14,DL,JFK,213,0,DCA,0,6,1,E,delayed
7,DL,LGA,214,1,DCA,0,6,1,L,ontime
8,DL,LGA,214,1,DCA,0,6,1,L,ontime
10,DL,LGA,214,1,DCA,0,6,1,L,ontime
12,DL,LGA,214,1,DCA,0,6,1,L,ontime
14,DL,LGA,214,1,DCA,0,6,1,L,ontime
16,DL,LGA,214,1,DCA,0,6,1,L,ontime
18,DL,LGA,214,1,DCA,0,6,1,L,ontime
20,DL,LGA,214,1,DCA,0,6,1,L,ontime
15,MQ,JFK,213,4,DCA,0,6,1,Q,ontime
6,MQ,JFK,213,4,DCA,0,6,1,Q,delayed
18,MQ,JFK,213,4,DCA,0,6,1,Q,ontime
9,MQ,LGA,214,4,DCA,0,6,1,Q,ontime
13,MQ,LGA,214,4,DCA,0,6,1,Q,ontime
8,UA,LGA,229,0,IAD,0,6,1,A,ontime
7,US,LGA,214,2,DCA,0,6,1,W,ontime
9,US,LGA,214,2,DCA,0,6,1,W,ontime
11,US,LGA,214,2,DCA,0,6,1,W,ontime
13,US,LGA,214,2,DCA,0,6,1,W,ontime
15,US,LGA,214,2,DCA,0,6,1,W,ontime
17,US,LGA,214,2,DCA,0,6,1,W,ontime
19,US,LGA,214,2,DCA,0,6,1,W,ontime
17,RU,EWR,169,3,BWI,0,6,1,3,ontime
14,RU,EWR,169,2,BWI,0,6,1,3,ontime
7,RU,EWR,169,2,BWI,0,6,1,5,ontime
10,RU,EWR,169,2,BWI,0,6,1,6,ontime
13,CO,EWR,199,0,DCA,0,6,1,0,ontime
8,DH,EWR,213,7,IAD,0,6,1,R,ontime
17,DH,EWR,213,7,IAD,0,6,1,R,ontime
12,DH,EWR,213,7,IAD,0,6,1,R,ontime
21,DH,EWR,213,7,IAD,0,6,1,R,ontime
17,RU,EWR,213,2,IAD,0,6,1,9,ontime
7,RU,EWR,213,2,IAD,0,6,1,5,ontime
16,RU,EWR,199,2,DCA,0,6,1,0,ontime
15,RU,EWR,213,2,IAD,0,6,1,3,ontime
6,RU,EWR,199,2,DCA,0,6,1,3,ontime
17,RU,EWR,199,2,DCA,0,6,1,3,ontime
13,RU,EWR,199,2,DCA,0,6,1,3,ontime
9,RU,EWR,199,2,DCA,0,6,1,2,ontime
14,OH,JFK,184,5,BWI,0,7,1,A,ontime
16,DH,JFK,213,6,DCA,0,7,1,J,ontime
12,DH,LGA,229,7,IAD,0,7,1,R,ontime
14,DH,LGA,229,7,IAD,0,7,1,E,ontime
17,DH,LGA,229,7,IAD,0,7,1,R,ontime
21,DH,LGA,229,7,IAD,0,7,1,R,ontime
8,DH,JFK,228,7,IAD,0,7,1,R,ontime
12,DH,JFK,228,7,IAD,0,7,1,E,ontime
14,DH,JFK,228,7,IAD,0,7,1,E,delayed
16,DH,JFK,228,7,IAD,0,7,1,E,ontime
17,DH,JFK,228,7,IAD,0,7,1,E,ontime
21,DH,JFK,228,7,IAD,0,7,1,R,delayed
16,DH,JFK,228,7,IAD,0,7,1,E,ontime
14,DL,JFK,213,0,DCA,0,7,1,L,delayed
8,DL,LGA,214,1,DCA,0,7,1,L,ontime
10,DL,LGA,214,1,DCA,0,7,1,L,ontime
11,DL,LGA,214,1,DCA,0,7,1,L,ontime
12,DL,LGA,214,1,DCA,0,7,1,L,ontime
13,DL,LGA,214,1,DCA,0,7,1,Z,ontime
14,DL,LGA,214,1,DCA,0,7,1,L,ontime
15,DL,LGA,214,1,DCA,0,7,1,L,ontime
16,DL,LGA,214,1,DCA,0,7,1,L,ontime
17,DL,LGA,214,1,DCA,0,7,1,Z,ontime
18,DL,LGA,214,1,DCA,0,7,1,L,ontime
19,DL,LGA,214,1,DCA,0,7,1,L,ontime
20,DL,LGA,214,1,DCA,0,7,1,L,ontime
15,MQ,JFK,213,4,DCA,0,7,1,Q,ontime
6,MQ,JFK,213,4,DCA,0,7,1,Q,ontime
9,MQ,JFK,213,4,DCA,0,7,1,Q,ontime
18,MQ,JFK,213,4,DCA,0,7,1,Q,delayed
13,MQ,LGA,214,4,DCA,0,7,1,Q,delayed
15,MQ,LGA,214,4,DCA,0,7,1,Q,ontime
17,MQ,LGA,214,4,DCA,0,7,1,Q,ontime
19,MQ,LGA,214,4,DCA,0,7,1,Q,ontime
8,UA,LGA,229,0,IAD,0,7,1,A,ontime
9,US,LGA,214,2,DCA,0,7,1,W,ontime
10,US,LGA,214,2,DCA,0,7,1,W,ontime
11,US,LGA,214,2,DCA,0,7,1,W,ontime
12,US,LGA,214,2,DCA,0,7,1,W,ontime
13,US,LGA,214,2,DCA,0,7,1,W,ontime
14,US,LGA,214,2,DCA,0,7,1,W,ontime
15,US,LGA,214,2,DCA,0,7,1,W,ontime
16,US,LGA,214,2,DCA,0,7,1,W,ontime
17,US,LGA,214,2,DCA,0,7,1,W,ontime
18,US,LGA,214,2,DCA,0,7,1,W,ontime
19,US,LGA,214,2,DCA,0,7,1,W,ontime
20,US,LGA,214,2,DCA,0,7,1,W,ontime
21,US,LGA,214,2,DCA,0,7,1,W,ontime
17,RU,EWR,169,3,BWI,0,7,1,0,ontime
10,RU,EWR,169,2,BWI,0,7,1,0,ontime
13,RU,EWR,169,2,BWI,0,7,1,6,ontime
14,RU,EWR,169,2,BWI,0,7,1,5,ontime
19,CO,EWR,199,0,DCA,0,7,1,8,ontime
13,CO,EWR,199,1,DCA,0,7,1,6,ontime
16,CO,EWR,199,0,DCA,0,7,1,3,ontime
8,DH,EWR,213,7,IAD,0,7,1,R,ontime
17,DH,EWR,213,7,IAD,0,7,1,R,ontime
12,DH,EWR,213,7,IAD,0,7,1,R,ontime
21,DH,EWR,213,7,IAD,0,7,1,R,ontime
14,DH,EWR,213,7,IAD,0,7,1,E,delayed
21,RU,EWR,199,2,DCA,0,7,1,3,ontime
8,RU,EWR,213,2,IAD,0,7,1,5,ontime
17,RU,EWR,213,2,IAD,0,7,1,9,ontime
17,RU,EWR,199,2,DCA,0,7,1,6,ontime
13,RU,EWR,199,2,DCA,0,7,1,3,ontime
9,RU,EWR,199,2,DCA,0,7,1,8,ontime
15,RU,EWR,213,2,IAD,0,7,1,5,ontime
19,RU,EWR,213,2,IAD,0,7,1,5,ontime
14,OH,JFK,184,5,BWI,0,1,1,A,ontime
16,DH,JFK,213,6,DCA,0,1,1,J,ontime
12,DH,LGA,229,7,IAD,0,1,1,E,ontime
14,DH,LGA,229,7,IAD,0,1,1,R,ontime
17,DH,LGA,229,7,IAD,0,1,1,R,ontime
21,DH,LGA,229,7,IAD,0,1,1,R,ontime
6,DH,LGA,229,7,IAD,0,1,1,R,delayed
10,DH,LGA,229,7,IAD,0,1,1,R,ontime
8,DH,JFK,228,7,IAD,0,1,1,R,ontime
12,DH,JFK,228,7,IAD,0,1,1,E,ontime
14,DH,JFK,228,7,IAD,0,1,1,E,delayed
16,DH,JFK,228,7,IAD,0,1,1,E,ontime
17,DH,JFK,228,7,IAD,0,1,1,E,ontime
21,DH,JFK,228,7,IAD,0,1,1,R,ontime
14,DL,JFK,213,0,DCA,0,1,1,L,ontime
6,DL,LGA,214,1,DCA,0,1,1,L,ontime
7,DL,LGA,214,1,DCA,0,1,1,Z,ontime
8,DL,LGA,214,1,DCA,0,1,1,L,ontime
9,DL,LGA,214,1,DCA,0,1,1,L,delayed
10,DL,LGA,214,1,DCA,0,1,1,Z,ontime
11,DL,LGA,214,1,DCA,0,1,1,Z,ontime
12,DL,LGA,214,1,DCA,0,1,1,L,ontime
13,DL,LGA,214,1,DCA,0,1,1,L,ontime
14,DL,LGA,214,1,DCA,0,1,1,Z,ontime
15,DL,LGA,214,1,DCA,0,1,1,Z,ontime
16,DL,LGA,214,1,DCA,0,1,1,L,ontime
17,DL,LGA,214,1,DCA,0,1,1,L,ontime
18,DL,LGA,214,1,DCA,0,1,1,Z,ontime
19,DL,LGA,214,1,DCA,0,1,1,Z,ontime
20,DL,LGA,214,1,DCA,0,1,1,A,ontime
15,MQ,JFK,213,4,DCA,0,1,1,Q,ontime
6,MQ,JFK,213,4,DCA,0,1,1,Q,ontime
18,MQ,JFK,213,4,DCA,0,1,1,Q,ontime
7,MQ,LGA,214,4,DCA,0,1,1,Q,delayed
8,MQ,LGA,214,4,DCA,0,1,1,Q,ontime
9,MQ,LGA,214,4,DCA,0,1,1,Q,ontime
11,MQ,LGA,214,4,DCA,0,1,1,Q,ontime
13,MQ,LGA,214,4,DCA,0,1,1,Q,ontime
15,MQ,LGA,214,4,DCA,0,1,1,Q,ontime
16,MQ,LGA,214,4,DCA,0,1,1,Q,ontime
17,MQ,LGA,214,4,DCA,0,1,1,Q,ontime
19,MQ,LGA,214,4,DCA,0,1,1,Q,ontime
8,UA,LGA,229,0,IAD,0,1,1,A,ontime
6,US,LGA,214,1,DCA,0,1,1,W,ontime
7,US,LGA,214,2,DCA,0,1,1,W,delayed
8,US,LGA,214,2,DCA,0,1,1,W,ontime
9,US,LGA,214,2,DCA,0,1,1,W,ontime
10,US,LGA,214,2,DCA,0,1,1,W,ontime
11,US,LGA,214,2,DCA,0,1,1,W,delayed
12,US,LGA,214,2,DCA,0,1,1,W,ontime
13,US,LGA,214,2,DCA,0,1,1,W,ontime
14,US,LGA,214,2,DCA,0,1,1,W,ontime
15,US,LGA,214,2,DCA,0,1,1,W,ontime
16,US,LGA,214,2,DCA,0,1,1,W,ontime
17,US,LGA,214,2,DCA,0,1,1,W,delayed
18,US,LGA,214,2,DCA,0,1,1,W,ontime
19,US,LGA,214,2,DCA,0,1,1,W,ontime
20,US,LGA,214,2,DCA,0,1,1,W,ontime
21,US,LGA,214,2,DCA,0,1,1,W,ontime
7,RU,EWR,169,2,BWI,0,1,1,6,ontime
14,RU,EWR,169,2,BWI,0,1,1,6,delayed
17,RU,EWR,169,3,BWI,0,1,1,2,ontime
10,RU,EWR,169,2,BWI,0,1,1,0,ontime
7,CO,EWR,199,0,DCA,0,1,1,6,ontime
13,CO,EWR,199,0,DCA,0,1,1,7,ontime
17,CO,EWR,199,0,DCA,0,1,1,4,delayed
19,CO,EWR,199,0,DCA,0,1,1,9,ontime
8,DH,EWR,213,7,IAD,0,1,1,R,ontime
17,DH,EWR,213,7,IAD,0,1,1,R,ontime
12,DH,EWR,213,7,IAD,0,1,1,R,delayed
21,DH,EWR,213,7,IAD,0,1,1,E,ontime
6,DH,EWR,213,7,IAD,0,1,1,E,ontime
14,DH,EWR,213,7,IAD,0,1,1,E,ontime
13,RU,EWR,199,2,DCA,0,1,1,0,ontime
9,RU,EWR,199,2,DCA,0,1,1,4,ontime
15,RU,EWR,199,2,DCA,0,1,1,6,ontime
17,RU,EWR,213,2,IAD,0,1,1,7,ontime
19,RU,EWR,213,2,IAD,0,1,1,6,ontime
21,RU,EWR,199,2,DCA,0,1,1,7,ontime
13,RU,EWR,213,2,IAD,0,1,1,7,ontime
6,RU,EWR,199,2,DCA,0,1,1,7,ontime
16,RU,EWR,199,2,DCA,0,1,1,3,ontime
7,RU,EWR,213,2,IAD,0,1,1,6,ontime
15,RU,EWR,213,2,IAD,0,1,1,4,ontime
14,OH,JFK,184,5,BWI,0,2,1,A,ontime
16,DH,JFK,213,6,DCA,0,2,1,J,ontime
12,DH,LGA,229,7,IAD,0,2,1,E,ontime
17,DH,LGA,229,7,IAD,0,2,1,R,delayed
21,DH,LGA,229,7,IAD,0,2,1,R,ontime
6,DH,LGA,229,7,IAD,0,2,1,R,delayed
10,DH,LGA,229,7,IAD,0,2,1,R,ontime
8,DH,JFK,228,7,IAD,0,2,1,R,ontime
12,DH,JFK,228,7,IAD,0,2,1,E,ontime
14,DH,JFK,228,7,IAD,0,2,1,E,ontime
16,DH,JFK,228,7,IAD,0,2,1,E,ontime
17,DH,JFK,228,7,IAD,0,2,1,E,ontime
21,DH,JFK,228,7,IAD,0,2,1,R,ontime
16,DH,JFK,228,7,IAD,0,2,1,E,delayed
14,DL,JFK,213,0,DCA,0,2,1,E,ontime
6,DL,LGA,214,1,DCA,0,2,1,Z,ontime
7,DL,LGA,214,1,DCA,0,2,1,L,ontime
8,DL,LGA,214,1,DCA,0,2,1,Z,ontime
9,DL,LGA,214,1,DCA,0,2,1,A,ontime
10,DL,LGA,214,1,DCA,0,2,1,Z,ontime
11,DL,LGA,214,1,DCA,0,2,1,L,ontime
12,DL,LGA,214,1,DCA,0,2,1,Z,ontime
13,DL,LGA,214,1,DCA,0,2,1,A,ontime
14,DL,LGA,214,1,DCA,0,2,1,Z,ontime
15,DL,LGA,214,1,DCA,0,2,1,L,ontime
16,DL,LGA,214,1,DCA,0,2,1,Z,delayed
17,DL,LGA,214,1,DCA,0,2,1,A,ontime
18,DL,LGA,214,1,DCA,0,2,1,Z,ontime
19,DL,LGA,214,1,DCA,0,2,1,L,ontime
20,DL,LGA,214,1,DCA,0,2,1,Z,delayed
15,MQ,JFK,213,4,DCA,0,2,1,Q,ontime
6,MQ,JFK,213,4,DCA,0,2,1,Q,ontime
18,MQ,JFK,213,4,DCA,0,2,1,Q,delayed
7,MQ,LGA,214,4,DCA,0,2,1,Q,ontime
8,MQ,LGA,214,4,DCA,0,2,1,Q,ontime
9,MQ,LGA,214,4,DCA,0,2,1,Q,ontime
11,MQ,LGA,214,4,DCA,0,2,1,Q,ontime
13,MQ,LGA,214,4,DCA,0,2,1,Q,ontime
14,MQ,LGA,214,4,DCA,0,2,1,Q,ontime
15,MQ,LGA,214,4,DCA,0,2,1,Q,ontime
16,MQ,LGA,214,4,DCA,0,2,1,Q,delayed
17,MQ,LGA,214,4,DCA,0,2,1,Q,delayed
19,MQ,LGA,214,4,DCA,0,2,1,Q,delayed
8,UA,LGA,229,0,IAD,0,2,1,A,ontime
6,US,LGA,214,1,DCA,0,2,1,W,ontime
7,US,LGA,214,2,DCA,0,2,1,W,ontime
8,US,LGA,214,2,DCA,0,2,1,W,ontime
9,US,LGA,214,2,DCA,0,2,1,W,ontime
10,US,LGA,214,2,DCA,0,2,1,W,ontime
11,US,LGA,214,2,DCA,0,2,1,W,ontime
12,US,LGA,214,2,DCA,0,2,1,W,ontime
13,US,LGA,214,2,DCA,0,2,1,W,ontime
14,US,LGA,214,2,DCA,0,2,1,W,ontime
15,US,LGA,214,2,DCA,0,2,1,W,ontime
16,US,LGA,214,2,DCA,0,2,1,W,delayed
17,US,LGA,214,2,DCA,0,2,1,W,ontime
18,US,LGA,214,2,DCA,0,2,1,W,ontime
19,US,LGA,214,2,DCA,0,2,1,W,ontime
20,US,LGA,214,2,DCA,0,2,1,W,ontime
21,US,LGA,214,2,DCA,0,2,1,W,ontime
10,RU,EWR,169,2,BWI,0,2,1,2,ontime
17,RU,EWR,169,3,BWI,0,2,1,2,delayed
7,RU,EWR,169,2,BWI,0,2,1,0,ontime
14,RU,EWR,169,2,BWI,0,2,1,0,delayed
7,CO,EWR,199,0,DCA,0,2,1,2,ontime
17,CO,EWR,199,0,DCA,0,2,1,7,delayed
19,CO,EWR,199,0,DCA,0,2,1,2,delayed
13,CO,EWR,199,0,DCA,0,2,1,6,ontime
8,DH,EWR,213,7,IAD,0,2,1,R,ontime
17,DH,EWR,213,7,IAD,0,2,1,R,ontime
12,DH,EWR,213,7,IAD,0,2,1,R,ontime
21,DH,EWR,213,7,IAD,0,2,1,R,ontime
6,DH,EWR,213,7,IAD,0,2,1,E,ontime
14,DH,EWR,213,7,IAD,0,2,1,E,delayed
13,RU,EWR,213,2,IAD,0,2,1,4,ontime
7,RU,EWR,213,2,IAD,0,2,1,0,ontime
15,RU,EWR,213,2,IAD,0,2,1,9,ontime
17,RU,EWR,213,2,IAD,0,2,1,2,ontime
13,RU,EWR,199,2,DCA,0,2,1,2,ontime
19,RU,EWR,213,2,IAD,0,2,1,3,delayed
15,RU,EWR,199,2,DCA,0,2,1,4,ontime
6,RU,EWR,199,2,DCA,0,2,1,3,ontime
16,RU,EWR,199,2,DCA,0,2,1,4,ontime
9,RU,EWR,199,2,DCA,0,2,1,2,ontime
21,RU,EWR,199,2,DCA,0,2,1,9,ontime
14,OH,JFK,184,5,BWI,0,3,2,A,ontime
16,DH,JFK,213,6,DCA,0,3,2,J,ontime
12,DH,LGA,229,7,IAD,0,3,2,R,ontime
17,DH,LGA,229,7,IAD,0,3,2,R,ontime
21,DH,LGA,229,7,IAD,0,3,2,R,ontime
6,DH,LGA,229,7,IAD,0,3,2,R,ontime
10,DH,LGA,229,7,IAD,0,3,2,E,ontime
8,DH,JFK,228,7,IAD,0,3,2,R,ontime
12,DH,JFK,228,7,IAD,0,3,2,E,ontime
14,DH,JFK,228,7,IAD,0,3,2,E,ontime
16,DH,JFK,228,7,IAD,0,3,2,E,ontime
17,DH,JFK,228,7,IAD,0,3,2,E,ontime
21,DH,JFK,228,7,IAD,0,3,2,R,ontime
16,DH,JFK,228,7,IAD,0,3,2,E,ontime
14,DL,JFK,213,0,DCA,0,3,2,L,ontime
6,DL,LGA,214,1,DCA,0,3,2,Z,ontime
7,DL,LGA,214,1,DCA,0,3,2,A,ontime
8,DL,LGA,214,1,DCA,0,3,2,N,ontime
9,DL,LGA,214,1,DCA,0,3,2,L,ontime
10,DL,LGA,214,1,DCA,0,3,2,Z,ontime
11,DL,LGA,214,1,DCA,0,3,2,A,delayed
12,DL,LGA,214,1,DCA,0,3,2,N,ontime
13,DL,LGA,214,1,DCA,0,3,2,L,ontime
14,DL,LGA,214,1,DCA,0,3,2,Z,ontime
15,DL,LGA,214,1,DCA,0,3,2,A,delayed
16,DL,LGA,214,1,DCA,0,3,2,N,ontime
17,DL,LGA,214,1,DCA,0,3,2,L,ontime
18,DL,LGA,214,1,DCA,0,3,2,Z,ontime
19,DL,LGA,214,1,DCA,0,3,2,A,delayed
20,DL,LGA,214,1,DCA,0,3,2,N,delayed
15,MQ,JFK,213,4,DCA,0,3,2,Q,ontime
6,MQ,JFK,213,4,DCA,0,3,2,Q,ontime
18,MQ,JFK,213,4,DCA,0,3,2,Q,ontime
7,MQ,LGA,214,4,DCA,0,3,2,Q,delayed
8,MQ,LGA,214,4,DCA,0,3,2,Q,ontime
9,MQ,LGA,214,4,DCA,0,3,2,Q,ontime
11,MQ,LGA,214,4,DCA,0,3,2,Q,delayed
13,MQ,LGA,214,4,DCA,0,3,2,Q,ontime
15,MQ,LGA,214,4,DCA,0,3,2,Q,ontime
16,MQ,LGA,214,4,DCA,0,3,2,Q,ontime
17,MQ,LGA,214,4,DCA,0,3,2,Q,ontime
19,MQ,LGA,214,4,DCA,0,3,2,Q,ontime
8,UA,LGA,229,0,IAD,0,3,2,A,ontime
6,US,LGA,214,1,DCA,0,3,2,W,ontime
7,US,LGA,214,2,DCA,0,3,2,W,ontime
8,US,LGA,214,2,DCA,0,3,2,W,ontime
9,US,LGA,214,2,DCA,0,3,2,W,ontime
10,US,LGA,214,2,DCA,0,3,2,W,ontime
11,US,LGA,214,2,DCA,0,3,2,W,ontime
12,US,LGA,214,2,DCA,0,3,2,W,ontime
13,US,LGA,214,2,DCA,0,3,2,W,ontime
14,US,LGA,214,2,DCA,0,3,2,W,ontime
15,US,LGA,214,2,DCA,0,3,2,W,ontime
16,US,LGA,214,2,DCA,0,3,2,W,ontime
17,US,LGA,214,2,DCA,0,3,2,W,ontime
18,US,LGA,214,2,DCA,0,3,2,W,ontime
19,US,LGA,214,2,DCA,0,3,2,W,ontime
20,US,LGA,214,2,DCA,0,3,2,W,delayed
21,US,LGA,214,2,DCA,0,3,2,W,ontime
7,RU,EWR,169,2,BWI,0,3,2,2,ontime
14,RU,EWR,169,2,BWI,0,3,2,0,ontime
17,RU,EWR,169,3,BWI,0,3,2,4,ontime
10,RU,EWR,169,2,BWI,0,3,2,1,ontime
13,CO,EWR,199,0,DCA,0,3,2,2,ontime
19,CO,EWR,199,0,DCA,0,3,2,7,ontime
7,CO,EWR,199,0,DCA,0,3,2,7,ontime
17,CO,EWR,199,0,DCA,0,3,2,3,delayed
8,DH,EWR,213,7,IAD,0,3,2,R,ontime
17,DH,EWR,213,7,IAD,0,3,2,R,ontime
12,DH,EWR,213,7,IAD,0,3,2,R,ontime
21,DH,EWR,213,7,IAD,0,3,2,R,delayed
6,DH,EWR,213,7,IAD,0,3,2,E,ontime
14,DH,EWR,213,7,IAD,0,3,2,E,delayed
7,RU,EWR,213,2,IAD,0,3,2,9,ontime
17,RU,EWR,213,2,IAD,0,3,2,5,ontime
9,RU,EWR,199,2,DCA,0,3,2,5,ontime
13,RU,EWR,199,2,DCA,0,3,2,1,ontime
6,RU,EWR,199,2,DCA,0,3,2,8,ontime
15,RU,EWR,213,2,IAD,0,3,2,1,ontime
16,RU,EWR,199,2,DCA,0,3,2,0,ontime
19,RU,EWR,213,2,IAD,0,3,2,1,ontime
13,RU,EWR,213,2,IAD,0,3,2,0,ontime
15,RU,EWR,199,2,DCA,0,3,2,4,ontime
21,RU,EWR,199,2,DCA,0,3,2,1,ontime
14,OH,JFK,184,5,BWI,0,4,2,A,ontime
16,DH,JFK,213,6,DCA,0,4,2,J,ontime
12,DH,LGA,229,7,IAD,0,4,2,R,ontime
14,DH,LGA,229,7,IAD,0,4,2,R,delayed
21,DH,LGA,229,7,IAD,0,4,2,R,delayed
8,DH,JFK,228,7,IAD,0,4,2,R,ontime
12,DH,JFK,228,7,IAD,0,4,2,E,ontime
14,DH,JFK,228,7,IAD,0,4,2,E,ontime
16,DH,JFK,228,7,IAD,0,4,2,E,ontime
17,DH,JFK,228,7,IAD,0,4,2,E,ontime
21,DH,JFK,228,7,IAD,0,4,2,R,ontime
16,DH,JFK,228,7,IAD,0,4,2,E,ontime
14,DL,JFK,213,0,DCA,0,4,2,L,ontime
6,DL,LGA,214,1,DCA,0,4,2,Z,ontime
7,DL,LGA,214,1,DCA,0,4,2,L,delayed
9,DL,LGA,214,1,DCA,0,4,2,A,ontime
11,DL,LGA,214,1,DCA,0,4,2,L,ontime
13,DL,LGA,214,1,DCA,0,4,2,A,ontime
14,DL,LGA,214,1,DCA,0,4,2,N,ontime
15,DL,LGA,214,1,DCA,0,4,2,L,ontime
16,DL,LGA,214,1,DCA,0,4,2,L,ontime
17,DL,LGA,214,1,DCA,0,4,2,A,ontime
18,DL,LGA,214,1,DCA,0,4,2,L,ontime
19,DL,LGA,214,1,DCA,0,4,2,L,delayed
20,DL,LGA,214,1,DCA,0,4,2,L,delayed
15,MQ,JFK,213,4,DCA,0,4,2,Q,ontime
6,MQ,JFK,213,4,DCA,0,4,2,Q,ontime
18,MQ,JFK,213,4,DCA,0,4,2,Q,ontime
8,MQ,LGA,214,4,DCA,0,4,2,Q,delayed
11,MQ,LGA,214,4,DCA,0,4,2,Q,ontime
13,MQ,LGA,214,4,DCA,0,4,2,Q,delayed
14,MQ,LGA,214,4,DCA,0,4,2,Q,ontime
15,MQ,LGA,214,4,DCA,0,4,2,Q,ontime
16,MQ,LGA,214,4,DCA,0,4,2,Q,delayed
17,MQ,LGA,214,4,DCA,0,4,2,Q,delayed
19,MQ,LGA,214,4,DCA,0,4,2,Q,delayed
8,UA,LGA,229,0,IAD,0,4,2,A,delayed
6,US,LGA,214,1,DCA,0,4,2,W,delayed
8,US,LGA,214,2,DCA,0,4,2,W,ontime
9,US,LGA,214,2,DCA,0,4,2,W,delayed
11,US,LGA,214,2,DCA,0,4,2,W,ontime
12,US,LGA,214,2,DCA,0,4,2,W,ontime
14,US,LGA,214,2,DCA,0,4,2,W,ontime
15,US,LGA,214,2,DCA,0,4,2,W,ontime
16,US,LGA,214,2,DCA,0,4,2,W,ontime
17,US,LGA,214,2,DCA,0,4,2,W,ontime
18,US,LGA,214,2,DCA,0,4,2,W,ontime
19,US,LGA,214,2,DCA,0,4,2,W,delayed
21,US,LGA,214,2,DCA,0,4,2,W,delayed
14,RU,EWR,169,2,BWI,0,4,2,4,ontime
10,RU,EWR,169,2,BWI,0,4,2,1,delayed
17,RU,EWR,169,3,BWI,0,4,2,0,delayed
7,CO,EWR,199,0,DCA,0,4,2,7,delayed
19,CO,EWR,199,0,DCA,0,4,2,1,delayed
13,CO,EWR,199,0,DCA,0,4,2,4,ontime
8,DH,EWR,213,7,IAD,0,4,2,R,ontime
12,DH,EWR,213,7,IAD,0,4,2,R,ontime
21,DH,EWR,213,7,IAD,0,4,2,R,ontime
6,DH,EWR,213,7,IAD,0,4,2,E,ontime
6,RU,EWR,199,2,DCA,0,4,2,1,ontime
19,RU,EWR,213,2,IAD,0,4,2,0,delayed
7,RU,EWR,213,2,IAD,0,4,2,9,delayed
13,RU,EWR,213,2,IAD,0,4,2,2,delayed
16,RU,EWR,199,2,DCA,0,4,2,3,ontime
15,RU,EWR,199,2,DCA,0,4,2,2,ontime
15,RU,EWR,213,2,IAD,0,4,2,7,ontime
21,RU,EWR,199,2,DCA,0,4,2,4,delayed
9,RU,EWR,199,2,DCA,0,4,2,5,delayed
13,RU,EWR,199,2,DCA,0,4,2,1,ontime
14,OH,JFK,184,5,BWI,0,5,2,A,ontime
16,DH,JFK,213,6,DCA,0,5,2,J,ontime
14,DH,LGA,229,7,IAD,0,5,2,R,delayed
17,DH,LGA,229,7,IAD,0,5,2,R,delayed
21,DH,LGA,229,7,IAD,0,5,2,R,ontime
6,DH,LGA,229,7,IAD,0,5,2,R,ontime
8,DH,JFK,228,7,IAD,0,5,2,R,ontime
12,DH,JFK,228,7,IAD,0,5,2,R,ontime
14,DH,JFK,228,7,IAD,0,5,2,E,ontime
16,DH,JFK,228,7,IAD,0,5,2,E,ontime
17,DH,JFK,228,7,IAD,0,5,2,E,ontime
21,DH,JFK,228,7,IAD,0,5,2,R,ontime
16,DH,JFK,228,7,IAD,0,5,2,E,ontime
14,DL,JFK,213,0,DCA,0,5,2,E,delayed
6,DL,LGA,214,1,DCA,0,5,2,L,ontime
7,DL,LGA,214,1,DCA,0,5,2,A,ontime
8,DL,LGA,214,1,DCA,0,5,2,L,delayed
9,DL,LGA,214,1,DCA,0,5,2,L,ontime
10,DL,LGA,214,1,DCA,0,5,2,Z,delayed
11,DL,LGA,214,1,DCA,0,5,2,A,ontime
12,DL,LGA,214,1,DCA,0,5,2,L,ontime
13,DL,LGA,214,1,DCA,0,5,2,L,ontime
14,DL,LGA,214,1,DCA,0,5,2,Z,ontime
15,DL,LGA,214,1,DCA,0,5,2,A,ontime
16,DL,LGA,214,1,DCA,0,5,2,L,ontime
17,DL,LGA,214,1,DCA,0,5,2,L,ontime
18,DL,LGA,214,1,DCA,0,5,2,Z,ontime
19,DL,LGA,214,1,DCA,0,5,2,A,ontime
20,DL,LGA,214,1,DCA,0,5,2,L,ontime
15,MQ,JFK,213,4,DCA,0,5,2,Q,ontime
6,MQ,JFK,213,4,DCA,0,5,2,Q,ontime
18,MQ,JFK,213,4,DCA,0,5,2,Q,delayed
8,MQ,LGA,214,4,DCA,0,5,2,Q,delayed
9,MQ,LGA,214,4,DCA,0,5,2,Q,delayed
11,MQ,LGA,214,4,DCA,0,5,2,Q,delayed
13,MQ,LGA,214,4,DCA,0,5,2,Q,delayed
14,MQ,LGA,214,4,DCA,0,5,2,Q,delayed
16,MQ,LGA,214,4,DCA,0,5,2,Q,delayed
17,MQ,LGA,214,4,DCA,0,5,2,Q,delayed
19,MQ,LGA,214,4,DCA,0,5,2,Q,delayed
8,UA,LGA,229,0,IAD,0,5,2,A,delayed
6,US,LGA,214,1,DCA,0,5,2,W,ontime
7,US,LGA,214,2,DCA,0,5,2,W,ontime
8,US,LGA,214,2,DCA,0,5,2,W,ontime
9,US,LGA,214,2,DCA,0,5,2,W,delayed
10,US,LGA,214,2,DCA,0,5,2,W,ontime
11,US,LGA,214,2,DCA,0,5,2,W,ontime
12,US,LGA,214,2,DCA,0,5,2,W,ontime
13,US,LGA,214,2,DCA,0,5,2,W,ontime
14,US,LGA,214,2,DCA,0,5,2,W,ontime
15,US,LGA,214,2,DCA,0,5,2,W,ontime
16,US,LGA,214,2,DCA,0,5,2,W,ontime
17,US,LGA,214,2,DCA,0,5,2,W,ontime
18,US,LGA,214,2,DCA,0,5,2,W,ontime
19,US,LGA,214,2,DCA,0,5,2,W,delayed
20,US,LGA,214,2,DCA,0,5,2,W,ontime
21,US,LGA,214,2,DCA,0,5,2,W,ontime
17,RU,EWR,169,3,BWI,0,5,2,3,delayed
10,RU,EWR,169,2,BWI,0,5,2,3,delayed
14,RU,EWR,169,2,BWI,0,5,2,4,delayed
7,RU,EWR,169,2,BWI,0,5,2,3,ontime
13,CO,EWR,199,0,DCA,0,5,2,5,delayed
17,CO,EWR,199,0,DCA,0,5,2,9,delayed
7,CO,EWR,199,0,DCA,0,5,2,8,ontime
8,DH,EWR,213,7,IAD,0,5,2,R,ontime
17,DH,EWR,213,7,IAD,0,5,2,R,ontime
12,DH,EWR,213,7,IAD,0,5,2,R,ontime
21,DH,EWR,213,7,IAD,0,5,2,R,ontime
6,DH,EWR,213,7,IAD,0,5,2,E,delayed
15,RU,EWR,213,2,IAD,0,5,2,1,delayed
6,RU,EWR,199,2,DCA,0,5,2,7,ontime
15,RU,EWR,199,2,DCA,0,5,2,0,delayed
13,RU,EWR,199,2,DCA,0,5,2,7,delayed
16,RU,EWR,199,2,DCA,0,5,2,1,delayed
13,RU,EWR,213,2,IAD,0,5,2,1,delayed
9,RU,EWR,199,2,DCA,0,5,2,2,ontime
19,RU,EWR,213,2,IAD,0,5,2,0,delayed
7,RU,EWR,213,2,IAD,0,5,2,2,ontime
21,RU,EWR,199,2,DCA,0,5,2,0,ontime
17,RU,EWR,213,2,IAD,0,5,2,9,delayed
14,OH,JFK,184,5,BWI,0,6,2,A,ontime
16,DH,JFK,213,6,DCA,0,6,2,J,ontime
12,DH,LGA,229,7,IAD,0,6,2,R,ontime
17,DH,LGA,229,7,IAD,0,6,2,R,ontime
21,DH,LGA,229,7,IAD,0,6,2,R,delayed
8,DH,JFK,228,7,IAD,0,6,2,R,ontime
12,DH,JFK,228,7,IAD,0,6,2,R,ontime
16,DH,JFK,228,7,IAD,0,6,2,E,ontime
17,DH,JFK,228,7,IAD,0,6,2,E,delayed
21,DH,JFK,228,7,IAD,0,6,2,R,delayed
18,DH,JFK,228,7,IAD,0,6,2,E,delayed
14,DL,JFK,213,0,DCA,0,6,2,L,delayed
7,DL,LGA,214,1,DCA,0,6,2,Z,ontime
8,DL,LGA,214,1,DCA,0,6,2,L,ontime
10,DL,LGA,214,1,DCA,0,6,2,Z,ontime
14,DL,LGA,214,1,DCA,0,6,2,Z,ontime
16,DL,LGA,214,1,DCA,0,6,2,Z,delayed
18,DL,LGA,214,1,DCA,0,6,2,Z,ontime
20,DL,LGA,214,1,DCA,0,6,2,A,ontime
15,MQ,JFK,213,4,DCA,0,6,2,Q,ontime
6,MQ,JFK,213,4,DCA,0,6,2,Q,ontime
18,MQ,JFK,213,4,DCA,0,6,2,Q,ontime
9,MQ,LGA,214,4,DCA,0,6,2,Q,ontime
13,MQ,LGA,214,4,DCA,0,6,2,Q,ontime
8,UA,LGA,229,0,IAD,0,6,2,A,ontime
7,US,LGA,214,2,DCA,0,6,2,W,ontime
9,US,LGA,214,2,DCA,0,6,2,W,ontime
11,US,LGA,214,2,DCA,0,6,2,W,ontime
13,US,LGA,214,2,DCA,0,6,2,W,ontime
15,US,LGA,214,2,DCA,0,6,2,W,ontime
17,US,LGA,214,2,DCA,0,6,2,W,ontime
19,US,LGA,214,2,DCA,0,6,2,W,ontime
17,RU,EWR,169,3,BWI,0,6,2,6,ontime
14,RU,EWR,169,2,BWI,0,6,2,3,ontime
10,RU,EWR,169,2,BWI,0,6,2,2,ontime
7,RU,EWR,169,2,BWI,0,6,2,1,ontime
13,CO,EWR,199,0,DCA,0,6,2,5,ontime
8,DH,EWR,213,7,IAD,0,6,2,R,ontime
17,DH,EWR,213,7,IAD,0,6,2,R,ontime
12,DH,EWR,213,7,IAD,0,6,2,R,ontime
21,DH,EWR,213,7,IAD,0,6,2,R,delayed
7,RU,EWR,213,2,IAD,0,6,2,6,ontime
16,RU,EWR,199,2,DCA,0,6,2,7,ontime
17,RU,EWR,199,2,DCA,0,6,2,2,ontime
13,RU,EWR,199,2,DCA,0,6,2,0,ontime
15,RU,EWR,213,2,IAD,0,6,2,3,ontime
9,RU,EWR,199,2,DCA,0,6,2,9,ontime
17,RU,EWR,213,2,IAD,0,6,2,4,ontime
6,RU,EWR,199,2,DCA,0,6,2,7,ontime
14,OH,JFK,184,5,BWI,0,7,2,A,ontime
16,DH,JFK,213,6,DCA,0,7,2,J,delayed
12,DH,LGA,229,7,IAD,0,7,2,R,ontime
14,DH,LGA,229,7,IAD,0,7,2,R,delayed
17,DH,LGA,229,7,IAD,0,7,2,R,delayed
21,DH,LGA,229,7,IAD,0,7,2,R,ontime
8,DH,JFK,228,7,IAD,0,7,2,R,ontime
12,DH,JFK,228,7,IAD,0,7,2,R,ontime
14,DH,JFK,228,7,IAD,0,7,2,E,delayed
16,DH,JFK,228,7,IAD,0,7,2,E,ontime
17,DH,JFK,228,7,IAD,0,7,2,E,delayed
21,DH,JFK,228,7,IAD,0,7,2,R,ontime
16,DH,JFK,228,7,IAD,0,7,2,E,delayed
14,DL,JFK,213,0,DCA,0,7,2,L,delayed
8,DL,LGA,214,1,DCA,0,7,2,Z,ontime
10,DL,LGA,214,1,DCA,0,7,2,L,ontime
12,DL,LGA,214,1,DCA,0,7,2,Z,delayed
14,DL,LGA,214,1,DCA,0,7,2,L,ontime
16,DL,LGA,214,1,DCA,0,7,2,Z,ontime
18,DL,LGA,214,1,DCA,0,7,2,L,delayed
20,DL,LGA,214,1,DCA,0,7,2,Z,ontime
15,MQ,JFK,213,4,DCA,0,7,2,Q,delayed
6,MQ,JFK,213,4,DCA,0,7,2,Q,delayed
9,MQ,JFK,213,4,DCA,0,7,2,Q,ontime
18,MQ,JFK,213,4,DCA,0,7,2,Q,delayed
13,MQ,LGA,214,4,DCA,0,7,2,Q,delayed
15,MQ,LGA,214,4,DCA,0,7,2,Q,delayed
17,MQ,LGA,214,4,DCA,0,7,2,Q,delayed
19,MQ,LGA,214,4,DCA,0,7,2,Q,delayed
8,UA,LGA,229,0,IAD,0,7,2,A,ontime
9,US,LGA,214,2,DCA,0,7,2,W,ontime
10,US,LGA,214,2,DCA,0,7,2,W,ontime
11,US,LGA,214,2,DCA,0,7,2,W,ontime
12,US,LGA,214,2,DCA,0,7,2,W,ontime
13,US,LGA,214,2,DCA,0,7,2,W,delayed
14,US,LGA,214,2,DCA,0,7,2,W,ontime
16,US,LGA,214,2,DCA,0,7,2,W,delayed
18,US,LGA,214,2,DCA,0,7,2,W,ontime
19,US,LGA,214,2,DCA,0,7,2,W,ontime
20,US,LGA,214,2,DCA,0,7,2,W,ontime
21,US,LGA,214,2,DCA,0,7,2,W,ontime
10,RU,EWR,169,2,BWI,1,7,2,4,delayed
13,RU,EWR,169,2,BWI,0,7,2,0,delayed
14,RU,EWR,169,2,BWI,0,7,2,1,delayed
13,CO,EWR,199,1,DCA,0,7,2,9,ontime
16,CO,EWR,199,0,DCA,0,7,2,5,delayed
19,CO,EWR,199,0,DCA,0,7,2,0,delayed
8,DH,EWR,213,7,IAD,0,7,2,R,ontime
17,DH,EWR,213,7,IAD,0,7,2,R,delayed
12,DH,EWR,213,7,IAD,0,7,2,R,delayed
21,DH,EWR,213,7,IAD,0,7,2,R,ontime
15,RU,EWR,213,2,IAD,0,7,2,4,delayed
13,RU,EWR,199,2,DCA,0,7,2,8,delayed
8,RU,EWR,213,2,IAD,0,7,2,9,ontime
9,RU,EWR,199,2,DCA,0,7,2,2,ontime
14,OH,JFK,184,5,BWI,0,1,2,A,ontime
16,DH,JFK,213,6,DCA,0,1,2,J,ontime
12,DH,LGA,229,7,IAD,0,1,2,R,ontime
14,DH,LGA,229,7,IAD,0,1,2,R,ontime
17,DH,LGA,229,7,IAD,0,1,2,R,ontime
21,DH,LGA,229,7,IAD,0,1,2,R,delayed
6,DH,LGA,229,7,IAD,0,1,2,R,delayed
10,DH,LGA,229,7,IAD,0,1,2,R,ontime
8,DH,JFK,228,7,IAD,0,1,2,R,ontime
12,DH,JFK,228,7,IAD,0,1,2,R,ontime
14,DH,JFK,228,7,IAD,0,1,2,E,ontime
16,DH,JFK,228,7,IAD,0,1,2,E,ontime
17,DH,JFK,228,7,IAD,0,1,2,E,ontime
21,DH,JFK,228,7,IAD,0,1,2,R,ontime
16,DH,JFK,228,7,IAD,0,1,2,E,ontime
14,DL,JFK,213,0,DCA,0,1,2,L,delayed
7,DL,LGA,214,1,DCA,0,1,2,L,ontime
8,DL,LGA,214,1,DCA,0,1,2,Z,ontime
10,DL,LGA,214,1,DCA,0,1,2,N,ontime
12,DL,LGA,214,1,DCA,0,1,2,Z,ontime
14,DL,LGA,214,1,DCA,0,1,2,N,ontime
15,DL,LGA,214,1,DCA,0,1,2,A,ontime
16,DL,LGA,214,1,DCA,0,1,2,Z,ontime
18,DL,LGA,214,1,DCA,0,1,2,N,ontime
19,DL,LGA,214,1,DCA,0,1,2,A,ontime
20,DL,LGA,214,1,DCA,0,1,2,Z,ontime
15,MQ,JFK,213,4,DCA,0,1,2,Q,ontime
6,MQ,JFK,213,4,DCA,0,1,2,Q,ontime
18,MQ,JFK,213,4,DCA,0,1,2,Q,delayed
7,MQ,LGA,214,4,DCA,0,1,2,Q,delayed
8,MQ,LGA,214,4,DCA,0,1,2,Q,delayed
9,MQ,LGA,214,4,DCA,0,1,2,Q,ontime
11,MQ,LGA,214,4,DCA,0,1,2,Q,ontime
13,MQ,LGA,214,4,DCA,0,1,2,Q,ontime
14,MQ,LGA,214,4,DCA,0,1,2,Q,ontime
15,MQ,LGA,214,4,DCA,0,1,2,Q,delayed
16,MQ,LGA,214,4,DCA,0,1,2,Q,ontime
17,MQ,LGA,214,4,DCA,0,1,2,Q,ontime
19,MQ,LGA,214,4,DCA,0,1,2,Q,delayed
8,UA,LGA,229,0,IAD,0,1,2,A,ontime
6,US,LGA,214,1,DCA,0,1,2,W,ontime
7,US,LGA,214,2,DCA,0,1,2,W,ontime
8,US,LGA,214,2,DCA,0,1,2,W,ontime
9,US,LGA,214,2,DCA,0,1,2,W,ontime
10,US,LGA,214,2,DCA,0,1,2,W,ontime
11,US,LGA,214,2,DCA,0,1,2,W,ontime
12,US,LGA,214,2,DCA,0,1,2,W,ontime
13,US,LGA,214,2,DCA,0,1,2,W,ontime
14,US,LGA,214,2,DCA,0,1,2,W,ontime
15,US,LGA,214,2,DCA,0,1,2,W,ontime
16,US,LGA,214,2,DCA,0,1,2,W,ontime
17,US,LGA,214,2,DCA,0,1,2,W,ontime
18,US,LGA,214,2,DCA,0,1,2,W,ontime
19,US,LGA,214,2,DCA,0,1,2,W,ontime
20,US,LGA,214,2,DCA,0,1,2,W,ontime
21,US,LGA,214,2,DCA,0,1,2,W,ontime
17,RU,EWR,169,3,BWI,0,1,2,3,ontime
10,RU,EWR,169,2,BWI,0,1,2,7,ontime
7,RU,EWR,169,2,BWI,0,1,2,3,ontime
14,RU,EWR,169,2,BWI,0,1,2,4,ontime
17,CO,EWR,199,0,DCA,0,1,2,1,delayed
13,CO,EWR,199,0,DCA,0,1,2,9,ontime
7,CO,EWR,199,0,DCA,0,1,2,9,ontime
19,CO,EWR,199,0,DCA,0,1,2,9,ontime
8,DH,EWR,213,7,IAD,0,1,2,R,ontime
17,DH,EWR,213,7,IAD,0,1,2,R,ontime
12,DH,EWR,213,7,IAD,0,1,2,R,ontime
21,DH,EWR,213,7,IAD,0,1,2,R,delayed
6,DH,EWR,213,7,IAD,0,1,2,E,ontime
14,DH,EWR,213,7,IAD,0,1,2,E,ontime
19,RU,EWR,213,2,IAD,0,1,2,0,delayed
13,RU,EWR,213,2,IAD,0,1,2,8,ontime
6,RU,EWR,199,2,DCA,0,1,2,4,ontime
15,RU,EWR,199,2,DCA,0,1,2,3,ontime
7,RU,EWR,213,2,IAD,0,1,2,2,ontime
17,RU,EWR,213,2,IAD,0,1,2,7,ontime
15,RU,EWR,213,2,IAD,0,1,2,0,ontime
16,RU,EWR,199,2,DCA,0,1,2,1,ontime
13,RU,EWR,199,2,DCA,0,1,2,9,ontime
9,RU,EWR,199,2,DCA,0,1,2,1,ontime
21,RU,EWR,199,2,DCA,0,1,2,1,ontime
14,OH,JFK,184,5,BWI,0,2,2,A,ontime
16,DH,JFK,213,6,DCA,0,2,2,J,ontime
12,DH,LGA,229,7,IAD,0,2,2,R,ontime
14,DH,LGA,229,7,IAD,0,2,2,R,ontime
17,DH,LGA,229,7,IAD,0,2,2,R,ontime
21,DH,LGA,229,7,IAD,0,2,2,R,ontime
6,DH,LGA,229,7,IAD,0,2,2,R,ontime
10,DH,LGA,229,7,IAD,0,2,2,R,ontime
8,DH,JFK,228,7,IAD,0,2,2,R,ontime
12,DH,JFK,228,7,IAD,0,2,2,R,delayed
14,DH,JFK,228,7,IAD,0,2,2,E,ontime
16,DH,JFK,228,7,IAD,0,2,2,E,ontime
17,DH,JFK,228,7,IAD,0,2,2,E,ontime
21,DH,JFK,228,7,IAD,0,2,2,R,ontime
16,DH,JFK,228,7,IAD,0,2,2,E,ontime
14,DL,JFK,213,0,DCA,0,2,2,L,delayed
6,DL,LGA,214,1,DCA,0,2,2,L,ontime
7,DL,LGA,214,1,DCA,0,2,2,N,ontime
8,DL,LGA,214,1,DCA,0,2,2,A,ontime
9,DL,LGA,214,1,DCA,0,2,2,Z,ontime
10,DL,LGA,214,1,DCA,0,2,2,L,ontime
11,DL,LGA,214,1,DCA,0,2,2,N,ontime
12,DL,LGA,214,1,DCA,0,2,2,A,ontime
13,DL,LGA,214,1,DCA,0,2,2,Z,ontime
14,DL,LGA,214,1,DCA,0,2,2,L,ontime
15,DL,LGA,214,1,DCA,0,2,2,N,ontime
16,DL,LGA,214,1,DCA,0,2,2,Z,delayed
17,DL,LGA,214,1,DCA,0,2,2,A,ontime
18,DL,LGA,214,1,DCA,0,2,2,L,ontime
19,DL,LGA,214,1,DCA,0,2,2,N,ontime
20,DL,LGA,214,1,DCA,0,2,2,Z,ontime
15,MQ,JFK,213,4,DCA,0,2,2,Q,ontime
6,MQ,JFK,213,4,DCA,0,2,2,Q,ontime
18,MQ,JFK,213,4,DCA,0,2,2,Q,ontime
7,MQ,LGA,214,4,DCA,0,2,2,Q,ontime
8,MQ,LGA,214,4,DCA,0,2,2,Q,ontime
9,MQ,LGA,214,4,DCA,0,2,2,Q,ontime
11,MQ,LGA,214,4,DCA,0,2,2,Q,ontime
13,MQ,LGA,214,4,DCA,0,2,2,Q,ontime
14,MQ,LGA,214,4,DCA,0,2,2,Q,ontime
15,MQ,LGA,214,4,DCA,0,2,2,Q,ontime
16,MQ,LGA,214,4,DCA,0,2,2,Q,ontime
19,MQ,LGA,214,4,DCA,0,2,2,Q,delayed
8,UA,LGA,229,0,IAD,0,2,2,A,ontime
6,US,LGA,214,1,DCA,0,2,2,W,ontime
7,US,LGA,214,2,DCA,0,2,2,W,ontime
8,US,LGA,214,2,DCA,0,2,2,W,ontime
9,US,LGA,214,2,DCA,0,2,2,W,ontime
10,US,LGA,214,2,DCA,0,2,2,W,ontime
11,US,LGA,214,2,DCA,0,2,2,W,ontime
12,US,LGA,214,2,DCA,0,2,2,W,ontime
13,US,LGA,214,2,DCA,0,2,2,W,ontime
14,US,LGA,214,2,DCA,0,2,2,W,ontime
15,US,LGA,214,2,DCA,0,2,2,W,ontime
16,US,LGA,214,2,DCA,0,2,2,W,ontime
17,US,LGA,214,2,DCA,0,2,2,W,ontime
18,US,LGA,214,2,DCA,0,2,2,W,ontime
19,US,LGA,214,2,DCA,0,2,2,W,ontime
20,US,LGA,214,2,DCA,0,2,2,W,ontime
21,US,LGA,214,2,DCA,0,2,2,W,ontime
14,RU,EWR,169,2,BWI,0,2,2,3,ontime
10,RU,EWR,169,2,BWI,0,2,2,0,ontime
17,RU,EWR,169,3,BWI,0,2,2,1,delayed
7,RU,EWR,169,2,BWI,0,2,2,6,ontime
19,CO,EWR,199,0,DCA,0,2,2,5,ontime
17,CO,EWR,199,0,DCA,0,2,2,2,ontime
13,CO,EWR,199,0,DCA,0,2,2,7,ontime
7,CO,EWR,199,0,DCA,0,2,2,8,ontime
8,DH,EWR,213,7,IAD,0,2,2,R,ontime
17,DH,EWR,213,7,IAD,0,2,2,R,ontime
12,DH,EWR,213,7,IAD,0,2,2,R,ontime
21,DH,EWR,213,7,IAD,0,2,2,R,ontime
6,DH,EWR,213,7,IAD,0,2,2,E,ontime
14,DH,EWR,213,7,IAD,0,2,2,E,ontime
16,RU,EWR,199,2,DCA,0,2,2,5,ontime
21,RU,EWR,199,2,DCA,0,2,2,2,ontime
13,RU,EWR,199,2,DCA,0,2,2,0,ontime
17,RU,EWR,213,2,IAD,0,2,2,1,ontime
6,RU,EWR,199,2,DCA,0,2,2,1,ontime
19,RU,EWR,213,2,IAD,0,2,2,1,ontime
9,RU,EWR,199,2,DCA,0,2,2,3,ontime
13,RU,EWR,213,2,IAD,0,2,2,5,ontime
15,RU,EWR,199,2,DCA,0,2,2,9,delayed
15,RU,EWR,213,2,IAD,0,2,2,6,ontime
7,RU,EWR,213,2,IAD,0,2,2,8,delayed
14,OH,JFK,184,5,BWI,0,3,3,A,ontime
12,DH,LGA,229,7,IAD,0,3,3,R,ontime
14,DH,LGA,229,7,IAD,0,3,3,R,ontime
17,DH,LGA,229,7,IAD,0,3,3,R,ontime
21,DH,LGA,229,7,IAD,0,3,3,R,delayed
6,DH,LGA,229,7,IAD,0,3,3,R,delayed
10,DH,LGA,229,7,IAD,0,3,3,R,ontime
8,DH,JFK,228,7,IAD,0,3,3,R,ontime
12,DH,JFK,228,7,IAD,0,3,3,R,ontime
14,DH,JFK,228,7,IAD,0,3,3,E,ontime
16,DH,JFK,228,7,IAD,0,3,3,E,ontime
17,DH,JFK,228,7,IAD,0,3,3,E,ontime
21,DH,JFK,228,7,IAD,0,3,3,R,ontime
16,DH,JFK,228,7,IAD,0,3,3,E,ontime
14,DL,JFK,213,0,DCA,0,3,3,L,ontime
6,DL,LGA,214,1,DCA,0,3,3,L,ontime
7,DL,LGA,214,1,DCA,0,3,3,A,ontime
8,DL,LGA,214,1,DCA,0,3,3,N,ontime
9,DL,LGA,214,1,DCA,0,3,3,L,ontime
10,DL,LGA,214,1,DCA,0,3,3,L,ontime
11,DL,LGA,214,1,DCA,0,3,3,A,ontime
12,DL,LGA,214,1,DCA,0,3,3,B,ontime
13,DL,LGA,214,1,DCA,0,3,3,L,ontime
14,DL,LGA,214,1,DCA,0,3,3,L,ontime
15,DL,LGA,214,1,DCA,0,3,3,N,ontime
16,DL,LGA,214,1,DCA,0,3,3,B,delayed
17,DL,LGA,214,1,DCA,0,3,3,L,ontime
18,DL,LGA,214,1,DCA,0,3,3,L,ontime
19,DL,LGA,214,1,DCA,0,3,3,N,ontime
20,DL,LGA,214,1,DCA,0,3,3,L,ontime
15,MQ,JFK,213,4,DCA,0,3,3,Q,ontime
6,MQ,JFK,213,4,DCA,0,3,3,Q,ontime
18,MQ,JFK,213,4,DCA,0,3,3,Q,ontime
7,MQ,LGA,214,4,DCA,0,3,3,Q,ontime
8,MQ,LGA,214,4,DCA,0,3,3,Q,ontime
9,MQ,LGA,214,4,DCA,0,3,3,Q,ontime
11,MQ,LGA,214,4,DCA,0,3,3,Q,ontime
13,MQ,LGA,214,4,DCA,0,3,3,Q,ontime
14,MQ,LGA,214,4,DCA,0,3,3,Q,ontime
15,MQ,LGA,214,4,DCA,0,3,3,Q,ontime
16,MQ,LGA,214,4,DCA,0,3,3,Q,ontime
17,MQ,LGA,214,4,DCA,0,3,3,Q,ontime
19,MQ,LGA,214,4,DCA,0,3,3,Q,ontime
8,UA,LGA,229,0,IAD,0,3,3,A,ontime
6,US,LGA,214,1,DCA,0,3,3,W,ontime
7,US,LGA,214,2,DCA,0,3,3,W,ontime
8,US,LGA,214,2,DCA,0,3,3,W,ontime
9,US,LGA,214,2,DCA,0,3,3,W,ontime
10,US,LGA,214,2,DCA,0,3,3,W,ontime
11,US,LGA,214,2,DCA,0,3,3,W,ontime
12,US,LGA,214,2,DCA,0,3,3,W,ontime
13,US,LGA,214,2,DCA,0,3,3,W,ontime
14,US,LGA,214,2,DCA,0,3,3,W,ontime
15,US,LGA,214,2,DCA,0,3,3,W,ontime
16,US,LGA,214,2,DCA,0,3,3,W,ontime
17,US,LGA,214,2,DCA,0,3,3,W,ontime
18,US,LGA,214,2,DCA,0,3,3,W,ontime
19,US,LGA,214,2,DCA,0,3,3,W,ontime
20,US,LGA,214,2,DCA,0,3,3,W,ontime
21,US,LGA,214,2,DCA,0,3,3,W,ontime
7,RU,EWR,169,2,BWI,0,3,3,2,ontime
14,RU,EWR,169,2,BWI,0,3,3,0,ontime
17,RU,EWR,169,3,BWI,0,3,3,8,delayed
10,RU,EWR,169,2,BWI,0,3,3,6,ontime
17,CO,EWR,199,0,DCA,0,3,3,7,delayed
19,CO,EWR,199,0,DCA,0,3,3,1,ontime
13,CO,EWR,199,0,DCA,0,3,3,6,ontime
7,CO,EWR,199,0,DCA,0,3,3,1,ontime
8,DH,EWR,213,7,IAD,0,3,3,E,ontime
17,DH,EWR,213,7,IAD,0,3,3,R,delayed
12,DH,EWR,213,7,IAD,0,3,3,R,ontime
21,DH,EWR,213,7,IAD,0,3,3,R,ontime
6,DH,EWR,213,7,IAD,0,3,3,E,ontime
14,DH,EWR,213,7,IAD,0,3,3,E,ontime
6,RU,EWR,199,2,DCA,0,3,3,2,ontime
15,RU,EWR,213,2,IAD,0,3,3,7,delayed
21,RU,EWR,199,2,DCA,0,3,3,9,ontime
16,RU,EWR,199,2,DCA,0,3,3,5,delayed
19,RU,EWR,213,2,IAD,0,3,3,1,ontime
15,RU,EWR,199,2,DCA,0,3,3,4,delayed
7,RU,EWR,213,2,IAD,0,3,3,6,ontime
13,RU,EWR,199,2,DCA,0,3,3,6,ontime
17,RU,EWR,213,2,IAD,0,3,3,3,ontime
13,RU,EWR,213,2,IAD,0,3,3,5,ontime
9,RU,EWR,199,2,DCA,0,3,3,1,ontime
14,OH,JFK,184,5,BWI,0,4,3,A,delayed
16,DH,JFK,213,6,DCA,0,4,3,J,ontime
12,DH,LGA,229,7,IAD,0,4,3,R,delayed
14,DH,LGA,229,7,IAD,0,4,3,R,delayed
17,DH,LGA,229,7,IAD,0,4,3,R,ontime
21,DH,LGA,229,7,IAD,0,4,3,R,ontime
6,DH,LGA,229,7,IAD,0,4,3,R,ontime
10,DH,LGA,229,7,IAD,0,4,3,R,ontime
8,DH,JFK,228,7,IAD,0,4,3,R,ontime
12,DH,JFK,228,7,IAD,0,4,3,R,ontime
14,DH,JFK,228,7,IAD,0,4,3,E,ontime
16,DH,JFK,228,7,IAD,0,4,3,E,ontime
17,DH,JFK,228,7,IAD,0,4,3,E,ontime
21,DH,JFK,228,7,IAD,0,4,3,R,ontime
16,DH,JFK,228,7,IAD,0,4,3,E,ontime
14,DL,JFK,213,0,DCA,0,4,3,L,ontime
6,DL,LGA,214,1,DCA,0,4,3,L,ontime
7,DL,LGA,214,1,DCA,0,4,3,L,ontime
8,DL,LGA,214,1,DCA,0,4,3,N,ontime
9,DL,LGA,214,1,DCA,0,4,3,Z,ontime
10,DL,LGA,214,1,DCA,0,4,3,Z,ontime
11,DL,LGA,214,1,DCA,0,4,3,L,ontime
12,DL,LGA,214,1,DCA,0,4,3,N,ontime
13,DL,LGA,214,1,DCA,0,4,3,Z,ontime
14,DL,LGA,214,1,DCA,0,4,3,Z,delayed
15,DL,LGA,214,1,DCA,0,4,3,L,ontime
16,DL,LGA,214,1,DCA,0,4,3,B,delayed
17,DL,LGA,214,1,DCA,0,4,3,N,delayed
18,DL,LGA,214,1,DCA,0,4,3,Z,ontime
19,DL,LGA,214,1,DCA,0,4,3,L,ontime
20,DL,LGA,214,1,DCA,0,4,3,B,ontime
15,MQ,JFK,213,4,DCA,0,4,3,Q,ontime
6,MQ,JFK,213,4,DCA,0,4,3,Q,ontime
18,MQ,JFK,213,4,DCA,0,4,3,Q,ontime
7,MQ,LGA,214,4,DCA,0,4,3,Q,ontime
8,MQ,LGA,214,4,DCA,0,4,3,Q,ontime
9,MQ,LGA,214,4,DCA,0,4,3,Q,ontime
11,MQ,LGA,214,4,DCA,0,4,3,Q,ontime
13,MQ,LGA,214,4,DCA,0,4,3,Q,ontime
14,MQ,LGA,214,4,DCA,0,4,3,Q,ontime
15,MQ,LGA,214,4,DCA,0,4,3,Q,ontime
16,MQ,LGA,214,4,DCA,0,4,3,Q,ontime
17,MQ,LGA,214,4,DCA,0,4,3,Q,ontime
19,MQ,LGA,214,4,DCA,0,4,3,Q,ontime
8,UA,LGA,229,0,IAD,0,4,3,A,ontime
6,US,LGA,214,1,DCA,0,4,3,W,ontime
7,US,LGA,214,2,DCA,0,4,3,W,ontime
8,US,LGA,214,2,DCA,0,4,3,W,ontime
9,US,LGA,214,2,DCA,0,4,3,W,ontime
10,US,LGA,214,2,DCA,0,4,3,W,ontime
11,US,LGA,214,2,DCA,0,4,3,W,ontime
12,US,LGA,214,2,DCA,0,4,3,W,ontime
13,US,LGA,214,2,DCA,0,4,3,W,ontime
14,US,LGA,214,2,DCA,0,4,3,W,ontime
15,US,LGA,214,2,DCA,0,4,3,W,ontime
16,US,LGA,214,2,DCA,0,4,3,W,ontime
17,US,LGA,214,2,DCA,0,4,3,W,ontime
18,US,LGA,214,2,DCA,0,4,3,W,ontime
19,US,LGA,214,2,DCA,0,4,3,W,ontime
20,US,LGA,214,2,DCA,0,4,3,W,ontime
21,US,LGA,214,2,DCA,0,4,3,W,delayed
7,RU,EWR,169,2,BWI,0,4,3,5,ontime
10,RU,EWR,169,2,BWI,0,4,3,4,ontime
14,RU,EWR,169,2,BWI,0,4,3,1,ontime
17,RU,EWR,169,3,BWI,0,4,3,5,delayed
13,CO,EWR,199,0,DCA,0,4,3,7,ontime
7,CO,EWR,199,0,DCA,0,4,3,3,ontime
19,CO,EWR,199,0,DCA,0,4,3,4,ontime
17,CO,EWR,199,0,DCA,0,4,3,3,delayed
8,DH,EWR,213,7,IAD,0,4,3,R,ontime
17,DH,EWR,213,7,IAD,0,4,3,R,ontime
12,DH,EWR,213,7,IAD,0,4,3,R,ontime
21,DH,EWR,213,7,IAD,0,4,3,R,ontime
6,DH,EWR,213,7,IAD,0,4,3,E,ontime
14,DH,EWR,213,7,IAD,0,4,3,E,ontime
13,RU,EWR,199,2,DCA,0,4,3,5,ontime
15,RU,EWR,199,2,DCA,0,4,3,8,ontime
16,RU,EWR,199,2,DCA,0,4,3,9,ontime
13,RU,EWR,213,2,IAD,0,4,3,4,ontime
6,RU,EWR,199,2,DCA,0,4,3,0,ontime
15,RU,EWR,213,2,IAD,0,4,3,1,ontime
17,RU,EWR,213,2,IAD,0,4,3,8,ontime
7,RU,EWR,213,2,IAD,0,4,3,2,ontime
19,RU,EWR,213,2,IAD,0,4,3,4,ontime
21,RU,EWR,199,2,DCA,0,4,3,3,ontime
9,RU,EWR,199,2,DCA,0,4,3,3,ontime
14,OH,JFK,184,5,BWI,0,5,3,A,delayed
16,DH,JFK,213,6,DCA,0,5,3,J,ontime
12,DH,LGA,229,7,IAD,0,5,3,R,delayed
17,DH,LGA,229,7,IAD,0,5,3,R,ontime
21,DH,LGA,229,7,IAD,0,5,3,R,delayed
6,DH,LGA,229,7,IAD,0,5,3,R,ontime
10,DH,LGA,229,7,IAD,0,5,3,R,ontime
8,DH,JFK,228,7,IAD,0,5,3,R,ontime
12,DH,JFK,228,7,IAD,0,5,3,R,ontime
14,DH,JFK,228,7,IAD,0,5,3,E,ontime
16,DH,JFK,228,7,IAD,0,5,3,E,ontime
17,DH,JFK,228,7,IAD,0,5,3,E,ontime
21,DH,JFK,228,7,IAD,0,5,3,R,ontime
16,DH,JFK,228,7,IAD,0,5,3,E,ontime
14,DL,JFK,213,0,DCA,0,5,3,L,ontime
6,DL,LGA,214,1,DCA,0,5,3,Z,ontime
7,DL,LGA,214,1,DCA,0,5,3,N,ontime
8,DL,LGA,214,1,DCA,0,5,3,L,ontime
9,DL,LGA,214,1,DCA,0,5,3,L,ontime
10,DL,LGA,214,1,DCA,0,5,3,Z,ontime
11,DL,LGA,214,1,DCA,0,5,3,N,ontime
12,DL,LGA,214,1,DCA,0,5,3,L,ontime
14,DL,LGA,214,1,DCA,0,5,3,Z,ontime
15,DL,LGA,214,1,DCA,0,5,3,N,ontime
16,DL,LGA,214,1,DCA,0,5,3,B,ontime
17,DL,LGA,214,1,DCA,0,5,3,L,ontime
18,DL,LGA,214,1,DCA,0,5,3,Z,ontime
19,DL,LGA,214,1,DCA,0,5,3,N,ontime
20,DL,LGA,214,1,DCA,0,5,3,B,ontime
15,MQ,JFK,213,4,DCA,0,5,3,Q,delayed
6,MQ,JFK,213,4,DCA,0,5,3,Q,ontime
18,MQ,JFK,213,4,DCA,0,5,3,Q,ontime
7,MQ,LGA,214,4,DCA,0,5,3,Q,ontime
8,MQ,LGA,214,4,DCA,0,5,3,Q,ontime
9,MQ,LGA,214,4,DCA,0,5,3,Q,ontime
11,MQ,LGA,214,4,DCA,0,5,3,Q,ontime
13,MQ,LGA,214,4,DCA,0,5,3,Q,delayed
14,MQ,LGA,214,4,DCA,0,5,3,Q,ontime
17,MQ,LGA,214,4,DCA,0,5,3,Q,ontime
19,MQ,LGA,214,4,DCA,0,5,3,Q,ontime
8,UA,LGA,229,0,IAD,0,5,3,A,ontime
6,US,LGA,214,1,DCA,0,5,3,W,ontime
7,US,LGA,214,2,DCA,0,5,3,W,ontime
8,US,LGA,214,2,DCA,0,5,3,W,ontime
9,US,LGA,214,2,DCA,0,5,3,W,ontime
10,US,LGA,214,2,DCA,0,5,3,W,ontime
11,US,LGA,214,2,DCA,0,5,3,W,ontime
12,US,LGA,214,2,DCA,0,5,3,W,ontime
13,US,LGA,214,2,DCA,0,5,3,W,delayed
14,US,LGA,214,2,DCA,0,5,3,W,ontime
15,US,LGA,214,2,DCA,0,5,3,W,ontime
17,US,LGA,214,2,DCA,0,5,3,W,ontime
18,US,LGA,214,2,DCA,0,5,3,W,ontime
19,US,LGA,214,2,DCA,0,5,3,W,ontime
20,US,LGA,214,2,DCA,0,5,3,W,ontime
21,US,LGA,214,2,DCA,0,5,3,W,ontime
14,RU,EWR,169,2,BWI,0,5,3,6,delayed
10,RU,EWR,169,2,BWI,0,5,3,6,ontime
17,RU,EWR,169,3,BWI,0,5,3,9,ontime
7,RU,EWR,169,2,BWI,0,5,3,9,ontime
17,CO,EWR,199,0,DCA,0,5,3,5,ontime
13,CO,EWR,199,0,DCA,0,5,3,0,ontime
7,CO,EWR,199,0,DCA,0,5,3,9,ontime
19,CO,EWR,199,0,DCA,0,5,3,5,delayed
8,DH,EWR,213,7,IAD,0,5,3,R,ontime
17,DH,EWR,213,7,IAD,0,5,3,R,delayed
12,DH,EWR,213,7,IAD,0,5,3,R,ontime
21,DH,EWR,213,7,IAD,0,5,3,R,delayed
6,DH,EWR,213,7,IAD,0,5,3,E,ontime
14,DH,EWR,213,7,IAD,0,5,3,E,ontime
21,RU,EWR,199,2,DCA,0,5,3,1,ontime
16,RU,EWR,199,2,DCA,0,5,3,9,ontime
7,RU,EWR,213,2,IAD,0,5,3,9,ontime
6,RU,EWR,199,2,DCA,0,5,3,3,ontime
15,RU,EWR,213,2,IAD,0,5,3,3,ontime
19,RU,EWR,213,2,IAD,0,5,3,8,ontime
13,RU,EWR,213,2,IAD,0,5,3,2,ontime
15,RU,EWR,199,2,DCA,0,5,3,1,delayed
17,RU,EWR,213,2,IAD,0,5,3,9,ontime
9,RU,EWR,199,2,DCA,0,5,3,6,ontime
13,RU,EWR,199,2,DCA,0,5,3,6,ontime
14,OH,JFK,184,5,BWI,0,6,3,A,ontime
16,DH,JFK,213,6,DCA,0,6,3,J,ontime
12,DH,LGA,229,7,IAD,0,6,3,R,ontime
17,DH,LGA,229,7,IAD,0,6,3,R,ontime
21,DH,LGA,229,7,IAD,0,6,3,R,ontime
8,DH,JFK,228,7,IAD,0,6,3,R,ontime
12,DH,JFK,228,7,IAD,0,6,3,R,ontime
16,DH,JFK,228,7,IAD,0,6,3,E,ontime
17,DH,JFK,228,7,IAD,0,6,3,E,delayed
21,DH,JFK,228,7,IAD,0,6,3,R,ontime
18,DH,JFK,228,7,IAD,0,6,3,E,ontime
14,DL,JFK,213,0,DCA,0,6,3,L,delayed
7,DL,LGA,214,1,DCA,0,6,3,Z,ontime
8,DL,LGA,214,1,DCA,0,6,3,L,ontime
10,DL,LGA,214,1,DCA,0,6,3,N,ontime
12,DL,LGA,214,1,DCA,0,6,3,L,ontime
14,DL,LGA,214,1,DCA,0,6,3,N,ontime
16,DL,LGA,214,1,DCA,0,6,3,L,ontime
18,DL,LGA,214,1,DCA,0,6,3,N,ontime
20,DL,LGA,214,1,DCA,0,6,3,L,ontime
15,MQ,JFK,213,4,DCA,0,6,3,Q,ontime
6,MQ,JFK,213,4,DCA,0,6,3,Q,ontime
18,MQ,JFK,213,4,DCA,0,6,3,Q,ontime
9,MQ,LGA,214,4,DCA,0,6,3,Q,delayed
13,MQ,LGA,214,4,DCA,0,6,3,Q,ontime
8,UA,LGA,229,0,IAD,0,6,3,A,ontime
7,US,LGA,214,2,DCA,0,6,3,W,ontime
9,US,LGA,214,2,DCA,0,6,3,W,ontime
11,US,LGA,214,2,DCA,0,6,3,W,ontime
13,US,LGA,214,2,DCA,0,6,3,W,ontime
15,US,LGA,214,2,DCA,0,6,3,W,ontime
17,US,LGA,214,2,DCA,0,6,3,W,ontime
19,US,LGA,214,2,DCA,0,6,3,W,ontime
14,RU,EWR,169,2,BWI,0,6,3,5,ontime
17,RU,EWR,169,3,BWI,0,6,3,7,ontime
7,RU,EWR,169,2,BWI,0,6,3,6,delayed
10,RU,EWR,169,2,BWI,0,6,3,6,ontime
13,CO,EWR,199,0,DCA,0,6,3,8,ontime
8,DH,EWR,213,7,IAD,0,6,3,R,ontime
17,DH,EWR,213,7,IAD,0,6,3,R,ontime
12,DH,EWR,213,7,IAD,0,6,3,R,ontime
21,DH,EWR,213,7,IAD,0,6,3,R,ontime
9,RU,EWR,199,2,DCA,0,6,3,1,ontime
15,RU,EWR,213,2,IAD,0,6,3,5,ontime
16,RU,EWR,199,2,DCA,0,6,3,5,ontime
7,RU,EWR,213,2,IAD,0,6,3,6,delayed
6,RU,EWR,199,2,DCA,0,6,3,0,ontime
13,RU,EWR,199,2,DCA,0,6,3,2,ontime
17,RU,EWR,213,2,IAD,0,6,3,1,ontime
17,RU,EWR,199,2,DCA,0,6,3,8,ontime
14,OH,JFK,184,5,BWI,0,7,3,A,ontime
16,DH,JFK,213,6,DCA,0,7,3,J,ontime
12,DH,LGA,229,7,IAD,0,7,3,R,ontime
14,DH,LGA,229,7,IAD,0,7,3,R,ontime
17,DH,LGA,229,7,IAD,0,7,3,R,delayed
21,DH,LGA,229,7,IAD,0,7,3,R,delayed
8,DH,JFK,228,7,IAD,0,7,3,R,ontime
12,DH,JFK,228,7,IAD,0,7,3,R,delayed
14,DH,JFK,228,7,IAD,0,7,3,E,ontime
16,DH,JFK,228,7,IAD,0,7,3,E,ontime
17,DH,JFK,228,7,IAD,0,7,3,E,delayed
21,DH,JFK,228,7,IAD,1,7,3,R,delayed
16,DH,JFK,228,7,IAD,0,7,3,E,ontime
14,DL,JFK,213,0,DCA,0,7,3,L,delayed
8,DL,LGA,214,1,DCA,0,7,3,N,ontime
10,DL,LGA,214,1,DCA,0,7,3,L,ontime
11,DL,LGA,214,1,DCA,0,7,3,Z,ontime
12,DL,LGA,214,1,DCA,0,7,3,N,ontime
13,DL,LGA,214,1,DCA,0,7,3,L,ontime
14,DL,LGA,214,1,DCA,0,7,3,L,ontime
15,DL,LGA,214,1,DCA,0,7,3,Z,ontime
16,DL,LGA,214,1,DCA,0,7,3,N,ontime
17,DL,LGA,214,1,DCA,0,7,3,L,ontime
18,DL,LGA,214,1,DCA,0,7,3,L,ontime
19,DL,LGA,214,1,DCA,0,7,3,Z,ontime
20,DL,LGA,214,1,DCA,0,7,3,N,ontime
15,MQ,JFK,213,4,DCA,0,7,3,Q,delayed
9,MQ,JFK,213,4,DCA,0,7,3,Q,ontime
18,MQ,JFK,213,4,DCA,0,7,3,Q,ontime
13,MQ,LGA,214,4,DCA,0,7,3,Q,ontime
15,MQ,LGA,214,4,DCA,0,7,3,Q,delayed
17,MQ,LGA,214,4,DCA,0,7,3,Q,ontime
19,MQ,LGA,214,4,DCA,0,7,3,Q,ontime
8,UA,LGA,229,0,IAD,0,7,3,A,ontime
9,US,LGA,214,2,DCA,0,7,3,W,ontime
10,US,LGA,214,2,DCA,0,7,3,W,ontime
11,US,LGA,214,2,DCA,0,7,3,W,ontime
12,US,LGA,214,2,DCA,0,7,3,W,ontime
13,US,LGA,214,2,DCA,0,7,3,W,ontime
14,US,LGA,214,2,DCA,0,7,3,W,ontime
15,US,LGA,214,2,DCA,0,7,3,W,ontime
16,US,LGA,214,2,DCA,0,7,3,W,ontime
17,US,LGA,214,2,DCA,0,7,3,W,ontime
18,US,LGA,214,2,DCA,0,7,3,W,ontime
19,US,LGA,214,2,DCA,0,7,3,W,ontime
20,US,LGA,214,2,DCA,0,7,3,W,ontime
21,US,LGA,214,2,DCA,0,7,3,W,delayed
14,RU,EWR,169,2,BWI,0,7,3,5,ontime
10,RU,EWR,169,2,BWI,0,7,3,7,delayed
17,RU,EWR,169,3,BWI,0,7,3,8,ontime
13,RU,EWR,169,2,BWI,0,7,3,5,ontime
16,CO,EWR,199,0,DCA,0,7,3,8,ontime
13,CO,EWR,199,1,DCA,0,7,3,5,ontime
19,CO,EWR,199,0,DCA,0,7,3,0,ontime
8,DH,EWR,213,7,IAD,0,7,3,R,ontime
17,DH,EWR,213,7,IAD,0,7,3,R,ontime
12,DH,EWR,213,7,IAD,0,7,3,R,ontime
21,DH,EWR,213,7,IAD,0,7,3,R,delayed
14,DH,EWR,213,7,IAD,0,7,3,E,delayed
21,RU,EWR,199,2,DCA,0,7,3,6,delayed
9,RU,EWR,199,2,DCA,0,7,3,8,ontime
8,RU,EWR,213,2,IAD,0,7,3,6,ontime
19,RU,EWR,213,2,IAD,0,7,3,1,delayed
15,RU,EWR,213,2,IAD,0,7,3,4,ontime
17,RU,EWR,213,2,IAD,0,7,3,7,ontime
13,RU,EWR,199,2,DCA,0,7,3,0,ontime
17,RU,EWR,199,2,DCA,0,7,3,6,ontime
14,OH,JFK,184,5,BWI,0,1,3,A,ontime
12,DH,LGA,229,7,IAD,0,1,3,R,ontime
14,DH,LGA,229,7,IAD,0,1,3,R,delayed
17,DH,LGA,229,7,IAD,0,1,3,R,delayed
21,DH,LGA,229,7,IAD,0,1,3,R,delayed
6,DH,LGA,229,7,IAD,0,1,3,R,delayed
10,DH,LGA,229,7,IAD,0,1,3,R,delayed
8,DH,JFK,228,7,IAD,0,1,3,R,ontime
12,DH,JFK,228,7,IAD,0,1,3,R,ontime
14,DH,JFK,228,7,IAD,0,1,3,E,delayed
16,DH,JFK,228,7,IAD,0,1,3,E,delayed
17,DH,JFK,228,7,IAD,0,1,3,E,delayed
21,DH,JFK,228,7,IAD,0,1,3,R,ontime
16,DH,JFK,228,7,IAD,0,1,3,E,ontime
14,DL,JFK,213,0,DCA,1,1,3,L,delayed
7,DL,LGA,214,1,DCA,1,1,3,L,delayed
9,DL,LGA,214,1,DCA,0,1,3,N,ontime
10,DL,LGA,214,1,DCA,0,1,3,L,ontime
11,DL,LGA,214,1,DCA,0,1,3,L,ontime
12,DL,LGA,214,1,DCA,0,1,3,L,ontime
13,DL,LGA,214,1,DCA,0,1,3,N,ontime
14,DL,LGA,214,1,DCA,0,1,3,L,delayed
15,DL,LGA,214,1,DCA,1,1,3,L,delayed
16,DL,LGA,214,1,DCA,0,1,3,L,ontime
17,DL,LGA,214,1,DCA,0,1,3,N,ontime
19,DL,LGA,214,1,DCA,0,1,3,L,ontime
20,DL,LGA,214,1,DCA,0,1,3,L,ontime
15,MQ,JFK,213,4,DCA,1,1,3,Q,delayed
18,MQ,JFK,213,4,DCA,1,1,3,Q,delayed
8,MQ,LGA,214,4,DCA,1,1,3,Q,delayed
9,MQ,LGA,214,4,DCA,1,1,3,Q,delayed
13,MQ,LGA,214,4,DCA,1,1,3,Q,delayed
19,MQ,LGA,214,4,DCA,1,1,3,Q,delayed
8,UA,LGA,229,0,IAD,1,1,3,A,delayed
6,US,LGA,214,1,DCA,0,1,3,W,delayed
7,US,LGA,214,2,DCA,0,1,3,W,delayed
8,US,LGA,214,2,DCA,0,1,3,W,ontime
9,US,LGA,214,2,DCA,1,1,3,W,delayed
10,US,LGA,214,2,DCA,0,1,3,W,ontime
11,US,LGA,214,2,DCA,0,1,3,W,delayed
14,US,LGA,214,2,DCA,0,1,3,W,ontime
16,US,LGA,214,2,DCA,0,1,3,W,ontime
17,US,LGA,214,2,DCA,0,1,3,W,ontime
18,US,LGA,214,2,DCA,0,1,3,W,ontime
19,US,LGA,214,2,DCA,0,1,3,W,ontime
20,US,LGA,214,2,DCA,0,1,3,W,ontime
21,US,LGA,214,2,DCA,0,1,3,W,delayed
17,RU,EWR,169,3,BWI,0,1,3,5,delayed
14,RU,EWR,169,2,BWI,0,1,3,3,ontime
7,CO,EWR,199,0,DCA,1,1,3,4,delayed
19,CO,EWR,199,0,DCA,0,1,3,1,delayed
13,CO,EWR,199,0,DCA,0,1,3,7,ontime
8,DH,EWR,213,7,IAD,0,1,3,R,ontime
12,DH,EWR,213,7,IAD,0,1,3,R,delayed
21,DH,EWR,213,7,IAD,0,1,3,R,delayed
6,DH,EWR,213,7,IAD,0,1,3,E,ontime
14,DH,EWR,213,7,IAD,1,1,3,E,delayed
15,RU,EWR,213,2,IAD,0,1,3,6,delayed
21,RU,EWR,199,2,DCA,0,1,3,7,ontime
9,RU,EWR,199,2,DCA,0,1,3,9,ontime
19,RU,EWR,213,2,IAD,0,1,3,0,delayed
13,RU,EWR,213,2,IAD,0,1,3,1,ontime
17,RU,EWR,213,2,IAD,0,1,3,9,delayed
13,RU,EWR,199,2,DCA,0,1,3,3,ontime
15,RU,EWR,199,2,DCA,1,1,3,7,delayed
14,OH,JFK,184,5,BWI,0,2,3,A,ontime
16,DH,JFK,213,6,DCA,0,2,3,J,delayed
12,DH,LGA,229,7,IAD,1,2,3,R,delayed
14,DH,LGA,229,7,IAD,1,2,3,R,delayed
17,DH,LGA,229,7,IAD,1,2,3,R,delayed
6,DH,LGA,229,7,IAD,1,2,3,R,delayed
10,DH,LGA,229,7,IAD,0,2,3,R,ontime
8,DH,JFK,228,7,IAD,0,2,3,R,delayed
12,DH,JFK,228,7,IAD,0,2,3,R,delayed
14,DH,JFK,228,7,IAD,1,2,3,E,delayed
17,DH,JFK,228,7,IAD,1,2,3,E,delayed
21,DH,JFK,228,7,IAD,1,2,3,R,delayed
14,DL,JFK,213,0,DCA,0,2,3,A,delayed
7,DL,LGA,214,1,DCA,0,2,3,Z,ontime
8,DL,LGA,214,1,DCA,0,2,3,L,delayed
10,DL,LGA,214,1,DCA,0,2,3,L,ontime
12,DL,LGA,214,1,DCA,0,2,3,L,ontime
14,DL,LGA,214,1,DCA,0,2,3,L,ontime
16,DL,LGA,214,1,DCA,0,2,3,L,delayed
18,DL,LGA,214,1,DCA,0,2,3,L,delayed
20,DL,LGA,214,1,DCA,0,2,3,Z,delayed
15,MQ,JFK,213,4,DCA,0,2,3,Q,delayed
18,MQ,JFK,213,4,DCA,1,2,3,Q,delayed
7,MQ,LGA,214,4,DCA,0,2,3,Q,delayed
8,MQ,LGA,214,4,DCA,0,2,3,Q,ontime
14,MQ,LGA,214,4,DCA,1,2,3,Q,delayed
15,MQ,LGA,214,4,DCA,0,2,3,Q,ontime
16,MQ,LGA,214,4,DCA,1,2,3,Q,delayed
8,UA,LGA,229,0,IAD,1,2,3,A,delayed
6,US,LGA,214,1,DCA,0,2,3,W,ontime
7,US,LGA,214,2,DCA,0,2,3,W,ontime
8,US,LGA,214,2,DCA,0,2,3,W,ontime
9,US,LGA,214,2,DCA,0,2,3,W,ontime
10,US,LGA,214,2,DCA,0,2,3,W,ontime
11,US,LGA,214,2,DCA,0,2,3,W,ontime
12,US,LGA,214,2,DCA,0,2,3,W,ontime
13,US,LGA,214,2,DCA,0,2,3,W,ontime
14,US,LGA,214,2,DCA,0,2,3,W,ontime
15,US,LGA,214,2,DCA,0,2,3,W,ontime
16,US,LGA,214,2,DCA,0,2,3,W,ontime
17,US,LGA,214,2,DCA,0,2,3,W,ontime
7,RU,EWR,169,2,BWI,0,2,3,1,delayed
17,CO,EWR,199,0,DCA,1,2,3,3,delayed
13,CO,EWR,199,0,DCA,0,2,3,3,delayed
8,DH,EWR,213,7,IAD,0,2,3,R,delayed
17,DH,EWR,213,7,IAD,1,2,3,R,delayed
12,DH,EWR,213,7,IAD,0,2,3,R,delayed
21,DH,EWR,213,7,IAD,0,2,3,R,delayed
14,DH,EWR,213,7,IAD,1,2,3,E,delayed
15,RU,EWR,213,2,IAD,0,2,3,2,delayed
7,RU,EWR,213,2,IAD,1,2,3,4,delayed
6,RU,EWR,199,2,DCA,0,2,3,0,ontime
14,OH,JFK,184,5,BWI,0,3,4,A,ontime
16,DH,JFK,213,6,DCA,0,3,4,J,ontime
12,DH,LGA,229,7,IAD,0,3,4,R,ontime
14,DH,LGA,229,7,IAD,0,3,4,E,delayed
17,DH,LGA,229,7,IAD,0,3,4,R,ontime
21,DH,LGA,229,7,IAD,0,3,4,R,delayed
6,DH,LGA,229,7,IAD,0,3,4,R,ontime
10,DH,LGA,229,7,IAD,0,3,4,E,ontime
8,DH,JFK,228,7,IAD,0,3,4,R,delayed
12,DH,JFK,228,7,IAD,0,3,4,R,delayed
14,DH,JFK,228,7,IAD,0,3,4,E,ontime
16,DH,JFK,228,7,IAD,0,3,4,E,ontime
17,DH,JFK,228,7,IAD,0,3,4,E,delayed
21,DH,JFK,228,7,IAD,0,3,4,R,ontime
16,DH,JFK,228,7,IAD,0,3,4,E,ontime
14,DL,JFK,213,0,DCA,0,3,4,L,ontime
7,DL,LGA,214,1,DCA,0,3,4,L,ontime
9,DL,LGA,214,1,DCA,0,3,4,L,ontime
11,DL,LGA,214,1,DCA,0,3,4,L,ontime
13,DL,LGA,214,1,DCA,0,3,4,L,ontime
15,DL,LGA,214,1,DCA,0,3,4,L,ontime
17,DL,LGA,214,1,DCA,0,3,4,L,ontime
18,DL,LGA,214,1,DCA,0,3,4,L,ontime
20,DL,LGA,214,1,DCA,0,3,4,Z,delayed
15,MQ,JFK,213,4,DCA,0,3,4,Q,ontime
18,MQ,JFK,213,4,DCA,0,3,4,Q,ontime
8,MQ,LGA,214,4,DCA,0,3,4,Q,delayed
14,MQ,LGA,214,4,DCA,0,3,4,Q,delayed
15,MQ,LGA,214,4,DCA,0,3,4,Q,ontime
16,MQ,LGA,214,4,DCA,0,3,4,Q,ontime
17,MQ,LGA,214,4,DCA,0,3,4,Q,delayed
19,MQ,LGA,214,4,DCA,0,3,4,Q,delayed
8,UA,LGA,229,0,IAD,0,3,4,A,ontime
6,US,LGA,214,1,DCA,0,3,4,W,ontime
7,US,LGA,214,2,DCA,0,3,4,W,ontime
8,US,LGA,214,2,DCA,0,3,4,W,delayed
9,US,LGA,214,2,DCA,0,3,4,W,delayed
10,US,LGA,214,2,DCA,0,3,4,W,ontime
11,US,LGA,214,2,DCA,0,3,4,W,ontime
13,US,LGA,214,2,DCA,0,3,4,W,ontime
15,US,LGA,214,2,DCA,0,3,4,W,delayed
16,US,LGA,214,2,DCA,0,3,4,W,delayed
17,US,LGA,214,2,DCA,0,3,4,W,ontime
18,US,LGA,214,2,DCA,0,3,4,W,ontime
19,US,LGA,214,2,DCA,0,3,4,W,ontime
20,US,LGA,214,2,DCA,0,3,4,W,delayed
21,US,LGA,214,2,DCA,0,3,4,W,ontime
14,RU,EWR,169,2,BWI,0,3,4,2,ontime
10,RU,EWR,169,2,BWI,0,3,4,4,ontime
17,RU,EWR,169,3,BWI,0,3,4,2,delayed
17,CO,EWR,199,0,DCA,0,3,4,6,ontime
19,CO,EWR,199,0,DCA,0,3,4,1,delayed
13,CO,EWR,199,0,DCA,0,3,4,8,ontime
8,DH,EWR,213,7,IAD,0,3,4,R,ontime
17,DH,EWR,213,7,IAD,0,3,4,R,delayed
12,DH,EWR,213,7,IAD,0,3,4,R,delayed
21,DH,EWR,213,7,IAD,0,3,4,R,ontime
6,DH,EWR,213,7,IAD,0,3,4,E,ontime
14,DH,EWR,213,7,IAD,0,3,4,E,ontime
13,RU,EWR,199,2,DCA,0,3,4,4,ontime
17,RU,EWR,213,2,IAD,0,3,4,1,ontime
21,RU,EWR,199,2,DCA,0,3,4,7,delayed
19,RU,EWR,213,2,IAD,0,3,4,1,ontime
16,RU,EWR,199,2,DCA,0,3,4,1,ontime
9,RU,EWR,199,2,DCA,0,3,4,1,delayed
7,RU,EWR,213,2,IAD,0,3,4,3,ontime
15,RU,EWR,199,2,DCA,0,3,4,0,ontime
15,RU,EWR,213,2,IAD,0,3,4,9,ontime
14,OH,JFK,184,5,BWI,0,4,4,A,ontime
16,DH,JFK,213,6,DCA,0,4,4,J,ontime
12,DH,LGA,229,7,IAD,0,4,4,R,delayed
14,DH,LGA,229,7,IAD,0,4,4,R,delayed
17,DH,LGA,229,7,IAD,0,4,4,R,delayed
21,DH,LGA,229,7,IAD,0,4,4,R,ontime
6,DH,LGA,229,7,IAD,0,4,4,R,delayed
8,DH,JFK,228,7,IAD,0,4,4,R,ontime
12,DH,JFK,228,7,IAD,0,4,4,R,ontime
14,DH,JFK,228,7,IAD,0,4,4,E,ontime
16,DH,JFK,228,7,IAD,0,4,4,E,ontime
17,DH,JFK,228,7,IAD,0,4,4,E,ontime
21,DH,JFK,228,7,IAD,0,4,4,R,ontime
16,DH,JFK,228,7,IAD,0,4,4,E,ontime
14,DL,JFK,213,0,DCA,0,4,4,L,delayed
6,DL,LGA,214,1,DCA,0,4,4,L,ontime
7,DL,LGA,214,1,DCA,0,4,4,L,ontime
8,DL,LGA,214,1,DCA,0,4,4,L,delayed
10,DL,LGA,214,1,DCA,0,4,4,Z,ontime
11,DL,LGA,214,1,DCA,0,4,4,L,ontime
12,DL,LGA,214,1,DCA,0,4,4,L,ontime
13,DL,LGA,214,1,DCA,0,4,4,L,ontime
14,DL,LGA,214,1,DCA,0,4,4,Z,ontime
15,DL,LGA,214,1,DCA,0,4,4,L,ontime
16,DL,LGA,214,1,DCA,0,4,4,L,ontime
17,DL,LGA,214,1,DCA,0,4,4,L,ontime
18,DL,LGA,214,1,DCA,0,4,4,L,ontime
19,DL,LGA,214,1,DCA,0,4,4,L,ontime
20,DL,LGA,214,1,DCA,0,4,4,L,ontime
15,MQ,JFK,213,4,DCA,0,4,4,Q,delayed
6,MQ,JFK,213,4,DCA,0,4,4,Q,ontime
18,MQ,JFK,213,4,DCA,0,4,4,Q,ontime
7,MQ,LGA,214,4,DCA,0,4,4,Q,delayed
8,MQ,LGA,214,4,DCA,0,4,4,Q,ontime
9,MQ,LGA,214,4,DCA,0,4,4,Q,ontime
13,MQ,LGA,214,4,DCA,0,4,4,Q,ontime
14,MQ,LGA,214,4,DCA,0,4,4,Q,delayed
15,MQ,LGA,214,4,DCA,0,4,4,Q,delayed
17,MQ,LGA,214,4,DCA,0,4,4,Q,ontime
19,MQ,LGA,214,4,DCA,0,4,4,Q,ontime
8,UA,LGA,229,0,IAD,0,4,4,A,ontime
6,US,LGA,214,1,DCA,0,4,4,W,ontime
7,US,LGA,214,2,DCA,0,4,4,W,delayed
8,US,LGA,214,2,DCA,0,4,4,W,ontime
9,US,LGA,214,2,DCA,0,4,4,W,ontime
10,US,LGA,214,2,DCA,0,4,4,W,ontime
11,US,LGA,214,2,DCA,0,4,4,W,ontime
12,US,LGA,214,2,DCA,0,4,4,W,ontime
13,US,LGA,214,2,DCA,0,4,4,W,ontime
14,US,LGA,214,2,DCA,0,4,4,W,ontime
15,US,LGA,214,2,DCA,0,4,4,W,ontime
16,US,LGA,214,2,DCA,0,4,4,W,ontime
17,US,LGA,214,2,DCA,0,4,4,W,ontime
18,US,LGA,214,2,DCA,0,4,4,W,ontime
19,US,LGA,214,2,DCA,0,4,4,W,ontime
20,US,LGA,214,2,DCA,0,4,4,W,ontime
21,US,LGA,214,2,DCA,0,4,4,W,ontime
17,RU,EWR,169,3,BWI,0,4,4,9,ontime
7,RU,EWR,169,2,BWI,0,4,4,8,ontime
10,RU,EWR,169,2,BWI,0,4,4,0,ontime
14,RU,EWR,169,2,BWI,0,4,4,6,ontime
13,CO,EWR,199,0,DCA,0,4,4,2,ontime
17,CO,EWR,199,0,DCA,0,4,4,1,ontime
7,CO,EWR,199,0,DCA,0,4,4,4,ontime
19,CO,EWR,199,0,DCA,0,4,4,9,ontime
8,DH,EWR,213,7,IAD,0,4,4,R,delayed
17,DH,EWR,213,7,IAD,0,4,4,R,ontime
12,DH,EWR,213,7,IAD,0,4,4,R,ontime
21,DH,EWR,213,7,IAD,0,4,4,R,delayed
6,DH,EWR,213,7,IAD,0,4,4,E,ontime
14,DH,EWR,213,7,IAD,0,4,4,E,ontime
21,RU,EWR,199,2,DCA,0,4,4,5,ontime
16,RU,EWR,199,2,DCA,0,4,4,2,ontime
15,RU,EWR,213,2,IAD,0,4,4,1,ontime
6,RU,EWR,199,2,DCA,0,4,4,0,ontime
7,RU,EWR,213,2,IAD,0,4,4,4,ontime
19,RU,EWR,213,2,IAD,0,4,4,5,ontime
13,RU,EWR,199,2,DCA,0,4,4,0,delayed
13,RU,EWR,213,2,IAD,0,4,4,7,ontime
15,RU,EWR,199,2,DCA,0,4,4,0,delayed
9,RU,EWR,199,2,DCA,0,4,4,2,ontime
17,RU,EWR,213,2,IAD,0,4,4,6,ontime
14,OH,JFK,184,5,BWI,0,5,4,A,ontime
16,DH,JFK,213,6,DCA,0,5,4,J,ontime
12,DH,LGA,229,7,IAD,0,5,4,R,ontime
14,DH,LGA,229,7,IAD,0,5,4,E,delayed
17,DH,LGA,229,7,IAD,0,5,4,R,ontime
21,DH,LGA,229,7,IAD,0,5,4,R,ontime
6,DH,LGA,229,7,IAD,0,5,4,R,ontime
10,DH,LGA,229,7,IAD,0,5,4,R,ontime
8,DH,JFK,228,7,IAD,0,5,4,R,ontime
12,DH,JFK,228,7,IAD,0,5,4,R,ontime
14,DH,JFK,228,7,IAD,0,5,4,E,ontime
16,DH,JFK,228,7,IAD,0,5,4,E,ontime
17,DH,JFK,228,7,IAD,0,5,4,E,ontime
21,DH,JFK,228,7,IAD,0,5,4,R,delayed
16,DH,JFK,228,7,IAD,0,5,4,E,ontime
14,DL,JFK,213,0,DCA,0,5,4,L,delayed
6,DL,LGA,214,1,DCA,0,5,4,Z,ontime
7,DL,LGA,214,1,DCA,0,5,4,L,ontime
8,DL,LGA,214,1,DCA,0,5,4,L,ontime
9,DL,LGA,214,1,DCA,0,5,4,L,ontime
10,DL,LGA,214,1,DCA,0,5,4,Z,ontime
11,DL,LGA,214,1,DCA,0,5,4,L,ontime
12,DL,LGA,214,1,DCA,0,5,4,L,ontime
13,DL,LGA,214,1,DCA,0,5,4,L,ontime
14,DL,LGA,214,1,DCA,0,5,4,Z,ontime
15,DL,LGA,214,1,DCA,0,5,4,L,ontime
16,DL,LGA,214,1,DCA,0,5,4,L,ontime
17,DL,LGA,214,1,DCA,0,5,4,Z,ontime
18,DL,LGA,214,1,DCA,0,5,4,Z,ontime
19,DL,LGA,214,1,DCA,0,5,4,L,ontime
20,DL,LGA,214,1,DCA,0,5,4,L,ontime
15,MQ,JFK,213,4,DCA,0,5,4,Q,ontime
18,MQ,JFK,213,4,DCA,0,5,4,Q,ontime
7,MQ,LGA,214,4,DCA,0,5,4,Q,ontime
8,MQ,LGA,214,4,DCA,1,5,4,Q,delayed
9,MQ,LGA,214,4,DCA,0,5,4,Q,ontime
11,MQ,LGA,214,4,DCA,0,5,4,Q,ontime
13,MQ,LGA,214,4,DCA,0,5,4,Q,ontime
14,MQ,LGA,214,4,DCA,0,5,4,Q,ontime
15,MQ,LGA,214,4,DCA,0,5,4,Q,ontime
16,MQ,LGA,214,4,DCA,0,5,4,Q,delayed
17,MQ,LGA,214,4,DCA,0,5,4,Q,ontime
8,UA,LGA,229,0,IAD,0,5,4,A,ontime
6,US,LGA,214,1,DCA,0,5,4,W,ontime
7,US,LGA,214,2,DCA,0,5,4,W,ontime
8,US,LGA,214,2,DCA,0,5,4,W,ontime
9,US,LGA,214,2,DCA,0,5,4,W,ontime
10,US,LGA,214,2,DCA,0,5,4,W,ontime
11,US,LGA,214,2,DCA,0,5,4,W,ontime
12,US,LGA,214,2,DCA,0,5,4,W,ontime
13,US,LGA,214,2,DCA,0,5,4,W,ontime
14,US,LGA,214,2,DCA,0,5,4,W,ontime
15,US,LGA,214,2,DCA,0,5,4,W,ontime
16,US,LGA,214,2,DCA,0,5,4,W,ontime
17,US,LGA,214,2,DCA,0,5,4,W,delayed
18,US,LGA,214,2,DCA,0,5,4,W,ontime
19,US,LGA,214,2,DCA,0,5,4,W,ontime
20,US,LGA,214,2,DCA,0,5,4,W,ontime
21,US,LGA,214,2,DCA,0,5,4,W,ontime
17,RU,EWR,169,3,BWI,0,5,4,3,delayed
7,RU,EWR,169,2,BWI,0,5,4,3,ontime
14,RU,EWR,169,2,BWI,0,5,4,5,delayed
10,RU,EWR,169,2,BWI,0,5,4,2,ontime
17,CO,EWR,199,0,DCA,0,5,4,1,ontime
13,CO,EWR,199,0,DCA,0,5,4,2,ontime
19,CO,EWR,199,0,DCA,0,5,4,2,ontime
7,CO,EWR,199,0,DCA,0,5,4,5,ontime
8,DH,EWR,213,7,IAD,0,5,4,R,ontime
17,DH,EWR,213,7,IAD,0,5,4,R,ontime
12,DH,EWR,213,7,IAD,0,5,4,R,delayed
21,DH,EWR,213,7,IAD,0,5,4,R,ontime
6,DH,EWR,213,7,IAD,0,5,4,E,ontime
14,DH,EWR,213,7,IAD,0,5,4,E,ontime
13,RU,EWR,213,2,IAD,0,5,4,2,ontime
21,RU,EWR,199,2,DCA,0,5,4,3,ontime
17,RU,EWR,213,2,IAD,0,5,4,7,delayed
19,RU,EWR,213,2,IAD,0,5,4,7,delayed
6,RU,EWR,199,2,DCA,0,5,4,9,ontime
13,RU,EWR,199,2,DCA,0,5,4,2,delayed
15,RU,EWR,199,2,DCA,0,5,4,9,delayed
16,RU,EWR,199,2,DCA,0,5,4,1,ontime
9,RU,EWR,199,2,DCA,0,5,4,7,ontime
15,RU,EWR,213,2,IAD,0,5,4,4,delayed
7,RU,EWR,213,2,IAD,0,5,4,1,delayed
14,OH,JFK,184,5,BWI,0,6,4,A,ontime
16,DH,JFK,213,6,DCA,0,6,4,J,ontime
12,DH,LGA,229,7,IAD,0,6,4,R,ontime
17,DH,LGA,229,7,IAD,0,6,4,R,ontime
21,DH,LGA,229,7,IAD,0,6,4,R,ontime
8,DH,JFK,228,7,IAD,0,6,4,R,delayed
12,DH,JFK,228,7,IAD,0,6,4,R,ontime
16,DH,JFK,228,7,IAD,0,6,4,E,ontime
17,DH,JFK,228,7,IAD,0,6,4,E,ontime
21,DH,JFK,228,7,IAD,0,6,4,R,ontime
18,DH,JFK,228,7,IAD,0,6,4,E,ontime
14,DL,JFK,213,0,DCA,0,6,4,L,ontime
7,DL,LGA,214,1,DCA,0,6,4,Z,ontime
8,DL,LGA,214,1,DCA,0,6,4,Z,delayed
10,DL,LGA,214,1,DCA,0,6,4,L,ontime
12,DL,LGA,214,1,DCA,0,6,4,Z,ontime
14,DL,LGA,214,1,DCA,0,6,4,L,ontime
16,DL,LGA,214,1,DCA,0,6,4,Z,ontime
18,DL,LGA,214,1,DCA,0,6,4,L,ontime
20,DL,LGA,214,1,DCA,0,6,4,Z,ontime
15,MQ,JFK,213,4,DCA,0,6,4,Q,ontime
6,MQ,JFK,213,4,DCA,0,6,4,Q,ontime
18,MQ,JFK,213,4,DCA,0,6,4,Q,ontime
9,MQ,LGA,214,4,DCA,0,6,4,Q,ontime
13,MQ,LGA,214,4,DCA,0,6,4,Q,ontime
8,UA,LGA,229,0,IAD,0,6,4,A,ontime
7,US,LGA,214,2,DCA,0,6,4,W,ontime
9,US,LGA,214,2,DCA,0,6,4,W,ontime
11,US,LGA,214,2,DCA,0,6,4,W,ontime
13,US,LGA,214,2,DCA,0,6,4,W,ontime
15,US,LGA,214,2,DCA,0,6,4,W,ontime
17,US,LGA,214,2,DCA,0,6,4,W,ontime
19,US,LGA,214,2,DCA,0,6,4,W,ontime
10,RU,EWR,169,2,BWI,0,6,4,6,ontime
14,RU,EWR,169,2,BWI,0,6,4,8,ontime
17,RU,EWR,169,3,BWI,0,6,4,2,ontime
7,RU,EWR,169,2,BWI,0,6,4,2,ontime
13,CO,EWR,199,0,DCA,0,6,4,1,ontime
8,DH,EWR,213,7,IAD,0,6,4,R,ontime
17,DH,EWR,213,7,IAD,0,6,4,R,ontime
12,DH,EWR,213,7,IAD,0,6,4,R,ontime
21,DH,EWR,213,7,IAD,0,6,4,R,ontime
15,RU,EWR,213,2,IAD,0,6,4,0,ontime
9,RU,EWR,199,2,DCA,0,6,4,7,ontime
7,RU,EWR,213,2,IAD,0,6,4,8,ontime
6,RU,EWR,199,2,DCA,0,6,4,5,ontime
17,RU,EWR,213,2,IAD,0,6,4,6,ontime
16,RU,EWR,199,2,DCA,0,6,4,2,ontime
13,RU,EWR,199,2,DCA,0,6,4,1,ontime
17,RU,EWR,199,2,DCA,0,6,4,4,ontime
